id,username,email,ip_address,created_at
1,ahearon0,ablankenship0@theglobeandmail.com,1.68.95.62,2022-08-13 07:14:34
2,ehavers1,nbestwerthick1@tiny.cc,90.25.162.201,2022-03-27 17:51:15
3,dmegainey2,cdarco2@google.fr,79.104.113.52,2023-02-03 01:52:23
4,wrevens3,hsauven3@ucsd.edu,165.28.98.187,2022-03-17 20:39:59
5,fthomel4,rrominov4@miibeian.gov.cn,166.160.110.167,2020-08-27 04:30:37
6,bpendle5,btofanini5@msu.edu,207.89.226.229,2020-08-15 10:44:58
7,akleinschmidt6,ddeerr6@rakuten.co.jp,182.1.108.153,2022-09-18 23:44:44
8,kbarritt7,jwestnedge7@nsw.gov.au,143.73.106.206,2021-03-18 10:47:30
9,aheiner8,mellwand8@wordpress.com,148.236.182.104,2021-04-24 15:17:02
10,pfosbraey9,tgunter9@alibaba.com,1.214.218.224,2022-01-17 00:42:33
11,esenioura,achestnuta@homestead.com,167.83.47.185,2021-07-03 06:21:03
12,gchetwyndb,tdalescob@jigsy.com,143.69.42.15,2021-01-29 15:42:02
13,ckeatchc,bfordycec@ed.gov,40.84.30.18,2021-06-28 11:26:43
14,jthurstanced,amcteerd@amazon.co.jp,77.137.187.227,2021-10-02 21:06:16
15,jtukesbye,awestcare@pen.io,155.35.70.35,2021-08-23 00:38:42
16,jmulbryf,aconstantinef@ca.gov,241.81.2.155,2022-07-06 14:07:36
17,awharmbyg,cstapelsg@tuttocitta.it,153.208.33.69,2021-11-25 13:23:55
18,pkunzelh,sthorneh@thetimes.co.uk,43.82.81.45,2021-11-18 12:59:52
19,gwrathmalli,jtomsai@mozilla.org,100.12.136.149,2023-01-11 23:34:36
20,gfolkerj,swasylkiewiczj@npr.org,213.101.248.207,2021-06-13 20:11:05
21,sbahdek,pskahillk@amazonaws.com,151.19.202.192,2021-08-06 13:52:48
22,lsmalll,sbaressl@nih.gov,97.211.172.8,2023-03-01 13:22:21
23,vjurcam,agrubbm@google.ru,215.13.86.44,2023-01-13 05:56:14
24,mclailn,sdaughertyn@unblog.fr,124.97.26.241,2021-11-16 23:15:14
25,swhymarko,wdennittso@nih.gov,124.3.184.14,2021-07-27 09:55:18
26,tiannip,scaddiep@rediff.com,156.127.225.248,2021-09-13 13:42:20
27,jwalshamq,jpontefractq@indiatimes.com,5.102.209.170,2022-06-25 16:45:58
28,matthowr,fstellir@who.int,5.90.209.233,2022-11-03 21:01:15
29,treapes,bmuscotts@vistaprint.com,135.48.190.214,2022-09-22 12:59:14
30,cerrattt,kgatlint@yellowbook.com,86.63.205.52,2022-01-08 19:31:34
31,neskriggu,tchaudhryu@studiopress.com,73.103.204.98,2021-10-23 04:22:49
32,moppyv,rbleimanv@rediff.com,93.14.128.112,2021-04-02 09:46:35
33,rgothrupw,naxelbyw@guardian.co.uk,83.113.215.251,2021-03-19 08:11:25
34,hfrandsenx,dhewkinx@wix.com,175.161.88.13,2022-09-10 23:16:18
35,mdurningy,djehaesy@usa.gov,2.26.18.65,2023-03-14 09:47:04
36,bbruslez,hjoinsonz@sina.com.cn,26.249.186.43,2022-12-30 19:09:05
37,swooster10,jgwinnett10@oaic.gov.au,22.80.200.30,2020-10-28 15:01:27
38,theel11,jhake11@paypal.com,88.155.112.188,2022-12-16 23:01:44
39,gvannet12,bnolli12@dropbox.com,111.137.74.27,2022-06-30 08:38:48
40,droch13,eblackler13@wikispaces.com,41.73.54.108,2023-01-03 13:35:01
41,spatry14,miacomi14@furl.net,24.220.254.136,2021-12-11 17:51:29
42,clownes15,jkatte15@i2i.jp,240.41.161.178,2022-04-10 08:05:29
43,ggillingham16,tattoc16@fema.gov,191.139.195.187,2022-08-20 16:07:39
44,aledingham17,cavesque17@people.com.cn,153.34.121.17,2021-09-03 19:15:03
45,dcornborough18,rtrevers18@issuu.com,141.170.194.158,2022-04-18 08:35:30
46,dperassi19,slongworth19@theatlantic.com,253.219.61.117,2021-08-18 20:39:22
47,dmanjin1a,gdelepine1a@gmpg.org,199.238.225.238,2022-05-21 06:21:36
48,vonslow1b,scarnalan1b@topsy.com,154.65.126.166,2021-03-19 10:38:35
49,cpannett1c,mgobbet1c@sitemeter.com,238.177.26.30,2022-08-02 12:41:29
50,nnazair1d,mcorde1d@mayoclinic.com,135.195.213.203,2021-12-06 21:54:54
51,vcollop1e,alittrik1e@indiatimes.com,249.99.10.127,2021-03-28 17:29:12
52,hfryett1f,akilbourn1f@nytimes.com,1.1.87.252,2020-10-11 16:14:18
53,jwegman1g,cdoge1g@senate.gov,19.65.211.35,2021-10-20 14:01:28
54,lwooster1h,ndescroix1h@fda.gov,240.3.183.247,2022-01-28 14:38:59
55,ppenticost1i,sfigure1i@cbslocal.com,144.200.116.4,2022-07-15 11:41:41
56,jbarosch1j,lproudlove1j@ocn.ne.jp,168.160.8.34,2020-12-02 21:59:10
57,bheasman1k,dwarland1k@diigo.com,50.31.104.49,2022-12-17 01:29:17
58,okobiela1l,amurrells1l@boston.com,48.30.212.104,2022-05-13 06:52:38
59,mchisolm1m,aleving1m@mapquest.com,235.45.68.87,2022-04-16 00:53:47
60,lwarlton1n,ndiggar1n@addtoany.com,42.160.75.94,2022-05-05 06:20:17
61,ecathcart1o,laseef1o@telegraph.co.uk,166.165.65.250,2021-12-26 16:24:11
62,rmantrup1p,jbondy1p@hugedomains.com,29.74.83.211,2021-05-10 18:20:03
63,akennealy1q,lwillshire1q@seesaa.net,244.52.184.121,2022-11-06 22:22:05
64,hjotcham1r,lotierney1r@ibm.com,92.180.108.0,2023-02-07 15:04:34
65,csweet1s,hmckiddin1s@uol.com.br,30.188.143.151,2022-12-11 20:12:42
66,bbertholin1t,prosenstein1t@zimbio.com,219.153.140.91,2021-11-02 15:48:44
67,rmoles1u,pkolinsky1u@domainmarket.com,24.92.80.179,2020-10-15 13:53:20
68,ewalkden1v,acloake1v@webs.com,96.103.10.20,2022-11-06 13:28:56
69,wyard1w,cscamal1w@comsenz.com,114.233.92.219,2022-02-05 01:35:49
70,kfirle1x,lmingame1x@harvard.edu,129.87.133.20,2022-12-06 05:29:15
71,agolsby1y,jobrian1y@vimeo.com,14.196.40.138,2020-11-17 10:24:13
72,yinker1z,mvolker1z@businesswire.com,237.184.233.23,2022-10-08 19:00:13
73,lruggieri20,adeangelo20@ocn.ne.jp,94.31.195.69,2021-02-28 00:38:52
74,gloache21,jkield21@shutterfly.com,113.188.142.110,2021-05-04 09:32:14
75,lfaragan22,gdelion22@psu.edu,225.234.28.44,2021-11-23 06:15:56
76,cstenson23,trittmeyer23@zdnet.com,132.140.32.173,2022-04-15 11:53:38
77,rhoolaghan24,bbrinkman24@seesaa.net,108.108.111.58,2021-03-02 13:56:33
78,equipp25,esatterly25@elpais.com,131.33.72.164,2022-04-23 13:03:46
79,fbabb26,ssiegertsz26@joomla.org,66.55.124.228,2021-11-13 10:55:32
80,cmower27,mgoodings27@unblog.fr,124.149.108.75,2022-05-17 19:15:58
81,mkettle28,ccrosham28@marketwatch.com,248.219.93.185,2021-03-04 13:04:52
82,dboni29,ppittendreigh29@diigo.com,140.19.114.195,2022-11-09 11:01:57
83,ahullett2a,jemmatt2a@engadget.com,107.163.200.234,2022-03-03 17:09:13
84,rruppertz2b,tcud2b@dagondesign.com,111.252.156.6,2022-01-14 05:02:21
85,ldudill2c,dbickerdicke2c@shop-pro.jp,111.196.222.149,2021-01-12 16:00:31
86,rlarrat2d,agoade2d@shutterfly.com,5.150.242.241,2021-05-14 03:20:25
87,dsouthon2e,btarbett2e@sitemeter.com,125.175.241.56,2020-11-22 07:18:09
88,mgopsill2f,olough2f@yale.edu,251.88.184.241,2020-09-02 17:21:49
89,wheskins2g,ecaton2g@mediafire.com,120.180.175.82,2021-05-14 05:29:58
90,edennerley2h,hmcghee2h@github.com,54.26.120.230,2021-11-17 12:26:08
91,alindsey2i,jfay2i@hostgator.com,114.121.241.154,2020-09-05 01:39:26
92,anugent2j,cdealy2j@economist.com,187.184.102.118,2022-08-26 19:34:02
93,fbullier2k,bwoodrooffe2k@ucsd.edu,228.186.243.198,2022-08-03 21:14:04
94,dlacknor2l,csherlaw2l@privacy.gov.au,187.13.211.176,2022-01-29 16:46:42
95,dcaso2m,wdallaway2m@skyrock.com,235.50.139.169,2022-12-11 00:57:52
96,aminto2n,gsentance2n@shutterfly.com,162.83.131.221,2021-05-13 21:46:24
97,pcarette2o,nklemz2o@goodreads.com,66.17.210.246,2022-11-21 20:06:43
98,wsherel2p,fdewerk2p@bbb.org,190.80.122.19,2020-08-18 19:38:22
99,nbodell2q,vcadwaladr2q@vkontakte.ru,120.200.51.145,2022-10-19 14:48:25
100,dduddan2r,obrumby2r@qq.com,10.210.218.109,2022-05-29 23:46:40
101,gtomicki2s,jforten2s@jigsy.com,191.119.68.120,2022-07-23 12:03:57
102,cmuat2t,hvertigan2t@nsw.gov.au,58.36.44.238,2021-08-12 04:31:58
103,oappleyard2u,tcrossman2u@squidoo.com,56.154.138.11,2022-07-01 19:11:14
104,cdrakeley2v,tjevon2v@un.org,212.134.98.120,2022-01-19 18:12:22
105,ebernholt2w,cburwood2w@whitehouse.gov,246.95.230.216,2022-03-19 14:23:47
106,mdahle2x,lmacbain2x@sourceforge.net,49.102.72.69,2020-09-18 14:54:25
107,bcapenor2y,masbrey2y@angelfire.com,82.147.234.238,2022-03-12 03:56:51
108,rswyndley2z,dnettle2z@house.gov,28.104.228.147,2023-01-28 06:35:20
109,epersehouse30,cglabach30@google.com.br,220.180.159.90,2022-11-09 21:45:48
110,clivingstone31,lpratte31@oracle.com,157.133.203.114,2022-05-04 03:39:36
111,xhowis32,ghulk32@java.com,13.67.254.136,2023-03-03 08:54:02
112,mveal33,kbrigdale33@imgur.com,142.181.29.233,2022-10-27 09:29:23
113,bbafford34,pfairbourn34@cmu.edu,78.75.164.202,2021-11-13 06:03:58
114,dcaffin35,wtownshend35@merriam-webster.com,7.67.8.19,2021-04-24 17:51:05
115,gcolton36,bmillins36@diigo.com,205.105.191.93,2022-04-23 07:23:07
116,rluchetti37,mlovemore37@comcast.net,245.147.245.236,2021-08-03 02:51:53
117,iprovis38,ahanscombe38@telegraph.co.uk,39.225.212.116,2021-09-08 04:45:06
118,agetley39,jbasey39@virginia.edu,196.207.166.163,2021-11-26 05:01:30
119,tbools3a,iwinear3a@umich.edu,203.137.249.129,2022-05-07 22:44:53
120,lmccathay3b,pbeales3b@360.cn,85.66.158.36,2021-11-17 07:37:13
121,kkydde3c,amcnamee3c@china.com.cn,54.170.247.57,2021-08-20 00:15:43
122,dlewsey3d,tbenditt3d@last.fm,93.184.13.113,2021-03-11 18:50:23
123,doakly3e,kfrancklyn3e@posterous.com,128.32.79.117,2021-09-09 07:38:33
124,bsouthwood3f,nsaines3f@symantec.com,251.29.55.18,2021-12-18 21:45:51
125,ayuryaev3g,adugdale3g@chicagotribune.com,161.213.15.189,2021-01-03 01:58:04
126,josheilds3h,ebolgar3h@ox.ac.uk,200.176.199.40,2021-02-01 07:26:03
127,asygrove3i,tcummings3i@toplist.cz,43.96.160.179,2021-05-25 02:09:32
128,hcatto3j,rtimmis3j@hud.gov,252.235.233.81,2022-03-23 15:53:36
129,agaye3k,sstaten3k@amazon.com,200.73.73.171,2020-11-18 09:47:47
130,lvincent3l,brendell3l@privacy.gov.au,138.42.95.101,2021-12-23 15:46:46
131,agrumbridge3m,gashpital3m@cafepress.com,40.62.29.227,2023-01-10 17:30:49
132,tcarff3n,nbourbon3n@1und1.de,18.44.232.52,2020-11-09 11:43:48
133,aaxtonne3o,klowrie3o@weibo.com,246.229.220.114,2022-01-05 08:41:51
134,vtunnacliffe3p,mramirez3p@trellian.com,215.11.242.196,2021-10-18 02:25:00
135,mcottu3q,ttorrie3q@cornell.edu,171.233.177.131,2022-01-28 06:51:43
136,jtregonna3r,njosland3r@webeden.co.uk,116.139.234.63,2021-04-26 20:25:41
137,cdachey3s,bwimsett3s@columbia.edu,89.78.137.184,2022-06-30 07:23:40
138,bgolder3t,rmilkins3t@wufoo.com,222.94.143.83,2022-04-24 21:04:03
139,pbenoy3u,bnavan3u@360.cn,134.243.150.143,2022-04-12 01:07:19
140,jwheildon3v,ckemmett3v@un.org,126.44.71.69,2021-06-22 07:09:05
141,dlyfe3w,rravenhill3w@naver.com,68.46.37.63,2020-09-25 18:39:02
142,rposen3x,kmacnelly3x@yolasite.com,17.158.203.200,2020-12-26 17:20:37
143,sferretti3y,adegnen3y@usnews.com,58.208.255.40,2023-02-25 01:44:16
144,acrothers3z,jmersey3z@craigslist.org,228.70.45.220,2020-10-05 22:37:43
145,croblou40,ifrontczak40@amazon.de,44.85.59.153,2023-02-04 04:15:24
146,cstockley41,dwendover41@yandex.ru,146.81.50.136,2022-07-21 22:57:56
147,jdoumerc42,pbuckett42@statcounter.com,189.219.57.251,2023-03-12 05:27:20
148,bmillions43,lberling43@histats.com,202.4.182.55,2023-02-03 19:52:17
149,spentecust44,ssiggery44@hexun.com,184.9.206.86,2021-01-26 21:03:17
150,csnalom45,eburrow45@xinhuanet.com,15.164.31.221,2022-07-19 00:50:36
151,mkaspar46,anorvel46@unicef.org,133.128.187.129,2020-12-08 21:01:31
152,emactrustie47,jdellenbroker47@mlb.com,67.214.150.167,2022-10-04 11:00:34
153,rakid48,cwhether48@redcross.org,212.190.238.40,2021-12-20 02:54:41
154,zguerola49,kguslon49@tiny.cc,238.60.37.0,2021-08-11 14:44:12
155,ddonnett4a,eviscovi4a@exblog.jp,162.91.96.117,2022-06-14 09:55:56
156,cscrane4b,lduly4b@cdc.gov,30.38.159.112,2021-08-30 23:18:05
157,kdougan4c,mdecreuze4c@mozilla.org,99.81.230.183,2023-01-31 13:54:38
158,swaywell4d,ndory4d@fda.gov,91.84.98.242,2022-09-02 21:15:19
159,gattack4e,akeatley4e@cloudflare.com,38.124.61.25,2023-02-05 15:32:22
160,epetrovic4f,imalyan4f@seattletimes.com,250.250.117.84,2022-02-20 15:44:06
161,ybremmell4g,ccarletto4g@java.com,141.231.63.141,2021-05-09 03:17:27
162,aneillans4h,lfelgate4h@webeden.co.uk,11.88.228.3,2022-03-20 06:48:05
163,dgoby4i,dwakely4i@buzzfeed.com,168.12.201.251,2022-04-04 05:05:09
164,dpeplay4j,eambrosio4j@chron.com,13.225.142.97,2021-06-18 04:44:11
165,fsouthwood4k,mmonelli4k@phoca.cz,134.151.222.154,2020-09-27 21:05:18
166,vbuddock4l,dliebmann4l@psu.edu,94.148.200.196,2020-10-22 23:57:29
167,wmarshallsay4m,tjanew4m@craigslist.org,106.57.65.145,2021-05-21 02:36:38
168,egladhill4n,jsharvell4n@merriam-webster.com,232.169.193.187,2021-07-28 16:48:28
169,otowner4o,mmcalpine4o@princeton.edu,119.87.38.185,2021-03-11 23:54:11
170,bannear4p,mseverns4p@constantcontact.com,168.190.62.163,2021-03-29 12:45:35
171,acollopy4q,mwinspur4q@purevolume.com,116.52.33.97,2021-09-05 23:40:31
172,vjuliff4r,vwills4r@sun.com,170.152.61.12,2022-04-28 07:43:36
173,dgiabuzzi4s,ekrysztofiak4s@bandcamp.com,62.180.13.181,2021-06-29 07:29:01
174,sschneidar4t,emushart4t@nifty.com,239.207.248.8,2022-05-20 07:25:33
175,fsambrook4u,canthill4u@yahoo.com,107.211.149.22,2022-02-09 04:13:01
176,hmostin4v,wstokey4v@epa.gov,27.234.46.8,2020-08-23 12:47:40
177,dsmyley4w,zrunnett4w@vk.com,196.220.175.87,2021-01-22 14:02:11
178,mwinspire4x,ncorhard4x@about.com,10.25.187.245,2021-12-18 23:56:39
179,travelus4y,jmarcoolyn4y@hao123.com,35.233.154.243,2021-03-13 15:21:45
180,rgrim4z,wlutz4z@multiply.com,253.77.229.118,2022-06-17 18:06:22
181,jpothergill50,kmcgilben50@godaddy.com,132.239.42.208,2021-01-27 09:43:46
182,hwedmore51,jhovell51@ucoz.ru,129.217.82.76,2023-01-19 20:56:14
183,cawdry52,aduckworth52@google.pl,212.87.40.239,2021-06-22 18:34:59
184,sstronack53,iwycliffe53@merriam-webster.com,156.137.74.250,2021-11-21 21:32:23
185,pfinnick54,rsneesby54@deviantart.com,191.199.125.46,2022-10-19 19:49:55
186,kcaselick55,rfowgies55@infoseek.co.jp,81.99.99.253,2022-11-17 02:11:32
187,apetrovic56,bmichael56@godaddy.com,84.163.203.250,2022-10-26 12:36:59
188,pblewett57,lcongreave57@so-net.ne.jp,207.255.71.142,2023-01-28 19:07:36
189,apownall58,mthorne58@hexun.com,170.31.150.88,2021-05-23 16:58:40
190,doloinn59,keardley59@newyorker.com,205.39.27.75,2021-12-06 11:04:51
191,gubanks5a,trobker5a@themeforest.net,148.190.17.69,2021-11-01 17:26:36
192,acrippin5b,pstoneman5b@cyberchimps.com,69.27.30.162,2023-01-16 20:19:52
193,cpays5c,cmasham5c@blogs.com,166.57.158.238,2021-09-20 07:32:41
194,icud5d,tdecourcy5d@bbc.co.uk,34.93.176.92,2021-10-08 16:20:20
195,gwederell5e,kkeetley5e@tumblr.com,146.189.234.9,2022-03-12 16:55:46
196,hrowney5f,tkeveren5f@infoseek.co.jp,69.194.127.207,2023-02-12 15:45:30
197,aedwinson5g,mwestmorland5g@amazon.co.uk,218.139.169.212,2022-06-24 03:39:20
198,mells5h,lflaonier5h@deviantart.com,177.112.138.129,2023-02-01 04:50:52
199,kantecki5i,rfossett5i@nymag.com,78.211.6.116,2021-03-15 09:00:59
200,cnutton5j,lskirling5j@archive.org,22.109.28.136,2021-05-16 09:54:53
201,ispandley5k,hsupple5k@berkeley.edu,246.109.255.49,2023-03-03 23:22:06
202,asyplus5l,kpenhaleurack5l@reddit.com,176.128.36.94,2021-11-12 08:11:24
203,ssprott5m,dvandenhof5m@storify.com,238.1.76.200,2022-07-11 15:37:00
204,jvanross5n,elugg5n@newyorker.com,71.21.129.190,2021-07-04 07:15:00
205,gsnaddon5o,elast5o@woothemes.com,2.18.113.169,2022-10-25 11:58:01
206,ebinks5p,kbelchambers5p@mayoclinic.com,206.249.80.187,2022-06-26 15:55:07
207,rmcvee5q,nbridson5q@elpais.com,5.229.14.61,2022-11-04 19:06:15
208,cstroder5r,rbazely5r@naver.com,245.243.66.160,2022-02-10 05:33:06
209,pbraunton5s,nbwye5s@goo.ne.jp,1.191.211.71,2022-02-09 20:46:44
210,iwedderburn5t,cyter5t@wordpress.com,215.1.205.83,2020-12-31 20:18:55
211,tenrique5u,jdinis5u@stumbleupon.com,22.230.162.102,2021-05-05 21:44:27
212,zwhybray5v,tsego5v@tamu.edu,70.167.136.242,2021-05-06 22:49:17
213,lmcmorran5w,fdeeming5w@msu.edu,190.193.118.8,2022-01-02 00:45:21
214,achaimson5x,mgallienne5x@oakley.com,215.49.53.248,2021-02-23 11:51:53
215,mharriskine5y,cscamadine5y@archive.org,190.252.199.126,2021-08-26 02:28:49
216,apaute5z,ijachimak5z@last.fm,174.76.1.202,2021-08-13 03:09:04
217,cfinlay60,jpidgen60@cyberchimps.com,247.221.19.107,2021-06-19 14:33:29
218,nscarlan61,ceydel61@reuters.com,231.251.4.252,2022-02-26 13:17:01
219,ouc62,rdolling62@army.mil,46.108.88.174,2022-09-26 05:10:53
220,dgreer63,tsneyd63@wufoo.com,186.154.215.101,2022-02-23 02:01:22
221,egibbon64,pgrealy64@nih.gov,236.86.184.110,2022-10-21 13:48:07
222,fshewan65,kcrysell65@etsy.com,112.61.67.160,2022-01-14 21:52:35
223,kjeffcock66,wguillart66@photobucket.com,74.179.148.13,2022-07-30 19:58:01
224,medler67,fguirard67@arstechnica.com,116.115.38.9,2021-10-01 19:54:41
225,mgrund68,zgagg68@feedburner.com,94.181.38.33,2022-09-10 14:52:47
226,pmallard69,efiddeman69@addtoany.com,161.204.77.21,2022-10-15 15:31:55
227,kabramovic6a,hrains6a@geocities.com,42.135.87.7,2021-04-11 20:15:05
228,idensumbe6b,pboustred6b@xing.com,114.16.64.119,2022-10-21 10:31:55
229,aband6c,elahive6c@wunderground.com,46.247.152.134,2021-01-13 08:12:09
230,menderby6d,dspaule6d@delicious.com,63.159.4.145,2021-04-09 03:47:47
231,rgregoretti6e,nmconie6e@quantcast.com,91.130.5.46,2021-03-02 19:24:50
232,crosenbush6f,kbradie6f@unicef.org,30.51.22.202,2020-10-13 05:12:04
233,apeters6g,ddouble6g@umich.edu,163.211.163.86,2022-01-29 01:24:33
234,bwrennall6h,rskarin6h@sbwire.com,250.100.223.193,2022-10-19 05:24:35
235,ctrubshawe6i,rilyas6i@timesonline.co.uk,189.12.211.83,2022-02-22 05:56:23
236,pbyles6j,mallaker6j@about.com,40.246.62.106,2021-08-29 05:07:55
237,mbowdidge6k,treis6k@prnewswire.com,192.137.23.96,2023-01-08 04:16:00
238,cphair6l,lnaisby6l@squarespace.com,94.65.79.156,2022-04-25 13:14:07
239,ldeble6m,eblasoni6m@myspace.com,104.245.103.247,2021-01-26 20:27:07
240,mibbetson6n,tbotler6n@jiathis.com,131.68.233.180,2021-08-07 07:16:35
241,dposselwhite6o,ckeddle6o@parallels.com,66.244.87.76,2021-02-25 11:09:08
242,waubri6p,cdomeney6p@issuu.com,147.103.19.35,2021-04-21 12:56:17
243,kcampbell6q,sloughman6q@timesonline.co.uk,104.131.53.81,2022-06-03 12:49:58
244,gswaffer6r,ogossart6r@businessinsider.com,0.231.83.231,2021-10-29 11:45:27
245,nsaward6s,ctownrow6s@joomla.org,60.164.138.154,2020-10-14 00:33:09
246,vberthomier6t,cohaire6t@mysql.com,49.123.91.172,2021-01-16 09:27:11
247,pdunning6u,lmoulder6u@flickr.com,120.83.7.40,2021-03-07 09:02:39
248,evanniekerk6v,lsallan6v@economist.com,38.204.240.32,2021-09-28 15:59:06
249,thansie6w,olessmare6w@squarespace.com,90.134.84.243,2022-04-09 18:03:57
250,emcquilliam6x,breiners6x@washington.edu,209.218.244.76,2020-11-21 08:01:09
251,spatley6y,snewcome6y@earthlink.net,225.207.182.236,2022-08-19 04:54:52
252,epiggot6z,barnett6z@wufoo.com,240.233.139.126,2022-07-16 05:42:30
253,chasell70,bamps70@surveymonkey.com,80.3.202.249,2022-11-12 05:27:34
254,echeales71,bfrancie71@liveinternet.ru,3.91.183.139,2023-02-27 18:06:08
255,demmanuele72,cjemmett72@theglobeandmail.com,33.166.160.190,2021-12-05 18:19:26
256,hmcmurray73,gjoesbury73@blogtalkradio.com,72.231.20.239,2021-04-11 03:55:49
257,pmcpake74,dnettleship74@netscape.com,167.175.75.169,2022-07-10 19:18:38
258,cshiers75,cmarien75@census.gov,197.167.116.92,2023-02-07 05:53:22
259,sholtum76,rpaff76@businessweek.com,55.249.219.161,2021-11-09 12:07:40
260,npilkinton77,fwehden77@cnet.com,144.251.8.45,2023-01-19 21:37:53
261,zmedlicott78,iboeter78@cbslocal.com,195.44.56.139,2020-08-14 05:01:21
262,twade79,btrathan79@amazonaws.com,240.235.117.165,2022-08-01 00:40:41
263,ljosilevich7a,eballister7a@plala.or.jp,187.138.117.122,2021-12-04 22:57:43
264,jclissett7b,lforsey7b@bloomberg.com,252.150.202.53,2021-12-01 11:35:40
265,amcfaell7c,gwinkle7c@uiuc.edu,3.123.129.43,2022-08-16 14:20:13
266,lbanting7d,bstqueintain7d@cbsnews.com,84.66.74.252,2022-10-02 13:22:00
267,bliston7e,nshannon7e@salon.com,12.154.198.171,2021-04-20 12:41:46
268,elabern7f,bgavagan7f@typepad.com,105.156.236.238,2021-08-13 19:37:38
269,abraisher7g,cfedynski7g@pinterest.com,130.68.68.190,2021-06-15 13:13:48
270,achrichton7h,mjeandin7h@nba.com,102.70.75.238,2020-11-11 05:22:45
271,eskippings7i,rcrossman7i@netlog.com,210.226.183.233,2021-02-10 17:20:49
272,hmcbain7j,lmctear7j@kickstarter.com,189.172.13.69,2021-10-01 12:52:29
273,beasterling7k,zterbrugge7k@shareasale.com,198.49.137.31,2020-10-07 19:35:57
274,lmcgrail7l,gstaning7l@cloudflare.com,104.150.47.169,2020-08-27 21:52:24
275,dhalso7m,hcawthron7m@mysql.com,19.134.252.149,2022-04-12 04:00:29
276,cpusey7n,orodell7n@stumbleupon.com,150.83.219.41,2021-01-30 11:30:58
277,aberecloth7o,bfishlee7o@shinystat.com,242.175.180.184,2021-12-17 19:53:01
278,bstowte7p,fcrossgrove7p@wufoo.com,61.216.123.125,2022-09-14 05:54:05
279,rshotbolt7q,mbladesmith7q@ebay.com,177.156.185.12,2022-05-31 23:55:22
280,rlionel7r,nshitliffe7r@cocolog-nifty.com,119.39.67.71,2021-10-11 03:24:47
281,htrayling7s,rstrank7s@oaic.gov.au,152.224.98.241,2023-02-06 06:41:06
282,felliss7t,yhamstead7t@deviantart.com,35.89.63.157,2022-08-31 05:03:22
283,rwoloschinski7u,gdunnet7u@hugedomains.com,54.80.161.51,2020-08-15 04:04:04
284,redwardes7v,ashowen7v@fda.gov,51.152.238.244,2021-05-31 07:00:05
285,gflay7w,cnutten7w@aol.com,139.91.124.199,2020-10-02 03:51:30
286,jsummerlee7x,mflemming7x@yellowbook.com,111.231.198.92,2021-11-24 17:58:03
287,sgrimmett7y,nblazewicz7y@washington.edu,242.153.145.88,2021-05-15 12:19:02
288,vgrindlay7z,mhousin7z@washington.edu,222.207.124.50,2022-07-21 21:29:49
289,ofritschmann80,jhavis80@google.es,193.253.75.53,2020-12-20 18:46:54
290,cmoorman81,jvakhlov81@europa.eu,245.246.107.160,2022-08-29 23:49:51
291,araubenheimers82,wdanniel82@icio.us,133.113.73.40,2023-03-16 05:50:39
292,gsloan83,jmaccartair83@pbs.org,33.35.80.68,2020-11-05 14:45:32
293,bdeackes84,akybert84@delicious.com,198.49.243.20,2022-12-23 07:19:04
294,bdekeyser85,ngaitung85@wunderground.com,245.148.128.27,2021-05-25 04:45:41
295,rcoleshill86,caristide86@prweb.com,70.57.251.45,2020-12-13 14:50:48
296,adelucia87,afurmonger87@uol.com.br,59.98.146.176,2022-09-06 01:51:38
297,ecumbers88,hleydon88@barnesandnoble.com,41.242.84.161,2020-09-03 14:10:30
298,sbiggins89,jknapper89@yandex.ru,203.66.197.64,2021-09-24 03:03:57
299,lgiacoppo8a,frivaland8a@istockphoto.com,16.142.110.126,2022-10-20 12:28:04
300,wluttgert8b,achestnut8b@skype.com,251.41.186.177,2023-01-19 13:37:59
301,zbilbrook8c,eantonomolii8c@geocities.jp,175.249.178.216,2022-11-30 20:51:51
302,jhayers8d,ajobbins8d@deliciousdays.com,105.65.195.146,2021-09-28 14:18:06
303,rdafforne8e,hgarfield8e@odnoklassniki.ru,24.165.109.68,2022-12-25 04:40:05
304,fleimster8f,cgronou8f@wiley.com,28.39.134.222,2020-12-17 21:56:11
305,gangeli8g,icoolahan8g@ft.com,153.194.35.141,2021-06-28 23:37:32
306,dbrunroth8h,pmccrann8h@omniture.com,139.137.114.170,2021-10-22 21:48:03
307,dpudding8i,smanthroppe8i@mtv.com,21.91.133.47,2021-04-22 15:09:24
308,cdumphreys8j,iguillford8j@blogs.com,96.12.248.98,2022-03-13 17:08:06
309,dpilfold8k,cabrahamoff8k@technorati.com,92.92.67.139,2021-04-15 09:37:49
310,vking8l,bshutt8l@ycombinator.com,27.101.30.46,2021-05-04 12:03:06
311,tkeer8m,chadwen8m@nature.com,136.48.169.164,2021-11-16 11:03:54
312,dgurney8n,dlownie8n@google.fr,217.26.92.150,2021-12-10 09:11:36
313,akinvig8o,jpallent8o@apple.com,4.37.34.151,2021-10-15 04:47:04
314,rdouris8p,dcorrett8p@usatoday.com,177.26.1.186,2021-11-20 06:43:21
315,bkynston8q,frowen8q@lycos.com,67.253.49.22,2021-12-04 19:11:32
316,jlode8r,mpreon8r@deliciousdays.com,247.120.83.11,2022-09-20 23:43:47
317,iericsson8s,preyson8s@dailymail.co.uk,27.86.115.205,2021-12-16 03:03:57
318,estallybrass8t,nosherin8t@ycombinator.com,196.75.187.26,2021-08-27 11:42:13
319,dgillow8u,mparnall8u@whitehouse.gov,137.158.248.239,2021-09-14 19:33:24
320,castell8v,rbexon8v@tinypic.com,6.18.199.83,2021-07-12 08:02:56
321,lgrimmolby8w,ccayley8w@jimdo.com,61.122.128.247,2021-08-21 01:39:02
322,cible8x,ttinto8x@guardian.co.uk,173.155.104.239,2021-03-31 11:18:06
323,cbreslau8y,cbaldock8y@shop-pro.jp,160.71.122.113,2022-12-05 21:24:37
324,sdenacamp8z,eroskrug8z@histats.com,155.125.230.145,2021-02-11 16:40:07
325,jharring90,atreby90@squarespace.com,178.54.178.199,2021-11-15 05:15:54
326,lrolling91,kbelfelt91@paypal.com,63.227.121.158,2021-05-05 14:31:21
327,psimonutti92,kcrimin92@ucoz.com,135.12.84.199,2022-04-03 13:37:36
328,lduthy93,bcecchetelli93@usda.gov,233.119.125.159,2022-08-12 13:54:34
329,cmullis94,nblodg94@canalblog.com,148.8.93.7,2022-05-13 20:22:40
330,sdicty95,rkenaway95@ucoz.ru,237.196.67.87,2021-11-07 10:14:38
331,emolohan96,voliverpaull96@diigo.com,133.168.223.41,2022-09-02 10:41:48
332,ctrelease97,rtanguy97@hud.gov,20.178.111.28,2021-09-22 00:14:48
333,cmartinho98,yswadlinge98@deliciousdays.com,180.38.43.156,2022-12-23 20:47:23
334,cnafzger99,dambrodi99@shop-pro.jp,107.93.191.144,2021-09-27 17:40:13
335,mmcandie9a,cmaling9a@photobucket.com,81.192.77.124,2022-03-12 16:55:03
336,cenglish9b,oandriulis9b@mit.edu,40.73.90.18,2022-06-26 10:31:31
337,fszymanzyk9c,thasselby9c@dropbox.com,177.22.61.234,2022-01-04 07:12:47
338,adoppler9d,lbulman9d@google.cn,160.54.51.11,2021-02-19 00:29:17
339,mlippett9e,maron9e@storify.com,200.145.107.119,2021-11-29 01:16:57
340,dlotterington9f,jphizackarley9f@cisco.com,179.157.94.196,2021-12-19 16:31:06
341,ahamberstone9g,aneillans9g@yahoo.com,126.67.108.244,2022-05-25 10:03:29
342,skitcher9h,gneljes9h@webeden.co.uk,251.211.128.29,2022-06-11 13:29:58
343,ipipkin9i,kbullen9i@fastcompany.com,48.42.88.23,2021-06-11 14:50:43
344,uedgson9j,bnapoleon9j@163.com,41.223.255.72,2021-04-18 23:49:06
345,mburgen9k,asetchell9k@php.net,135.17.161.130,2022-12-10 15:03:50
346,cawdry9l,rpahler9l@tinyurl.com,23.179.23.144,2021-06-14 20:06:12
347,lphebey9m,cmaes9m@google.cn,27.109.166.233,2022-08-28 17:20:13
348,mboarder9n,siston9n@ibm.com,228.55.222.66,2022-03-14 17:46:34
349,iroseburgh9o,jwiltshaw9o@patch.com,221.105.80.123,2020-08-13 12:05:52
350,wsavidge9p,spinder9p@phpbb.com,77.37.7.101,2020-09-27 14:55:24
351,iparmley9q,wdurbyn9q@slideshare.net,0.211.238.184,2022-11-08 16:26:45
352,dkment9r,jfetteplace9r@whitehouse.gov,121.129.211.252,2021-09-05 18:10:59
353,bschooling9s,rallaker9s@blogger.com,17.139.208.60,2021-04-27 08:11:06
354,swhilder9t,navramovsky9t@instagram.com,50.69.174.203,2023-01-06 19:56:36
355,clinning9u,mmullett9u@google.com,56.144.145.23,2022-05-26 19:56:48
356,bbuyers9v,bpimley9v@elpais.com,35.174.144.22,2020-09-25 03:32:51
357,lleifer9w,eloxston9w@psu.edu,120.105.96.36,2020-10-09 22:10:54
358,nmarkey9x,vyegoshin9x@163.com,24.113.129.212,2021-04-30 13:02:06
359,amosco9y,tprazer9y@constantcontact.com,194.252.206.53,2022-11-16 12:43:46
360,bgraser9z,cmussolini9z@cam.ac.uk,194.32.90.197,2021-10-08 19:31:13
361,wtallisa0,rcreesea0@fastcompany.com,151.79.85.198,2022-02-12 23:37:39
362,rpowlesa1,codda1@live.com,152.43.201.74,2022-06-03 00:01:48
363,kchildsa2,jhubbisa2@google.com.au,108.83.136.129,2021-06-08 19:07:28
364,jkermannesa3,jrowleya3@ucoz.com,31.109.113.146,2023-03-05 07:06:49
365,dtremmela4,dscarffea4@ezinearticles.com,2.192.98.122,2022-03-25 09:01:38
366,asircomba5,lworgea5@businessweek.com,209.214.78.177,2022-10-17 00:53:12
367,vtribella6,laizikovitcha6@hc360.com,38.74.24.194,2022-01-15 17:02:09
368,dcoldricka7,tdebnama7@irs.gov,94.130.188.153,2022-03-25 05:31:31
369,csantacrolea8,afeildena8@mozilla.com,192.39.154.39,2023-02-03 03:39:41
370,wbillesa9,jlemarquanda9@vistaprint.com,22.232.116.238,2022-01-21 02:38:25
371,msetchfieldaa,hlorenceaa@scribd.com,220.162.123.103,2023-02-03 17:55:08
372,nwiseab,cladellab@amazonaws.com,125.117.118.132,2021-01-03 17:19:39
373,acuddehayac,pwhewellac@webmd.com,160.254.43.26,2023-01-03 22:05:57
374,driggertad,triolfoad@wikispaces.com,40.103.235.93,2022-08-03 11:58:29
375,dparminterae,eroxbyae@pcworld.com,98.204.238.191,2021-07-04 10:14:57
376,ghanscomaf,grantoullaf@privacy.gov.au,142.5.252.50,2020-12-04 10:15:03
377,oarmatageag,dmixerag@amazon.de,239.48.60.193,2022-08-11 09:14:40
378,pthebeah,bcunniffeah@tinypic.com,142.66.86.33,2021-08-26 12:59:10
379,llinbohmai,ksibbsai@bluehost.com,206.137.58.85,2020-08-16 00:45:56
380,kphillcockaj,jappsaj@blogs.com,21.84.10.89,2020-10-02 06:46:13
381,aarrigucciak,tdudnyak@sohu.com,59.187.24.199,2020-09-24 15:49:15
382,sguitonal,adorbinal@forbes.com,216.37.0.122,2022-03-20 02:04:35
383,rsturgesam,olamymanam@domainmarket.com,61.191.219.43,2021-09-21 05:43:56
384,jliveseyan,slorrowayan@qq.com,228.237.161.188,2023-01-24 12:47:04
385,mheddeao,jgillilandao@earthlink.net,119.122.118.84,2021-03-26 02:53:47
386,nsirrap,wbirtlesap@1688.com,44.255.4.127,2020-10-14 21:22:47
387,ddavidovitchaq,asummerrellaq@princeton.edu,184.180.81.51,2021-10-12 04:49:35
388,dboatar,bspantonar@e-recht24.de,187.191.147.243,2022-10-28 18:49:43
389,gaptedas,zcleoburyas@google.es,251.91.41.21,2020-12-30 06:45:18
390,lmikoat,iodonnellyat@com.com,169.177.239.249,2022-04-04 09:08:47
391,kjakobssonau,bmuatau@artisteer.com,187.214.234.159,2021-01-10 07:14:47
392,izanettiav,wwicklingav@ucsd.edu,38.228.228.188,2020-10-03 15:32:22
393,mclaibournaw,cmerkelaw@blogs.com,30.111.78.154,2022-03-30 18:04:20
394,sevensdenax,bpomfrettax@pen.io,246.19.250.95,2021-12-26 21:26:09
395,bcoultonay,cbilverstoneay@huffingtonpost.com,125.84.247.255,2022-02-12 08:31:34
396,rgarrettaz,mdunthornaz@stanford.edu,50.238.83.229,2021-11-12 12:02:34
397,jweldonb0,cmatveichevb0@barnesandnoble.com,250.40.120.152,2021-05-08 10:32:21
398,sspinneyb1,lfoortb1@pcworld.com,109.56.219.165,2021-04-08 18:22:10
399,cshiersb2,gcurraob2@soundcloud.com,212.163.119.178,2022-11-28 18:07:25
400,tmarkwellb3,aloughnanb3@feedburner.com,73.135.13.112,2021-05-30 06:29:43
401,arableyb4,qfoulisb4@live.com,109.85.167.207,2022-09-29 03:22:35
402,eworrellb5,ocandlishb5@digg.com,116.219.153.98,2022-07-28 22:51:49
403,agrindleb6,scopellob6@sourceforge.net,169.27.110.113,2022-09-12 20:10:54
404,gyandleb7,rbatchanb7@spiegel.de,68.250.57.110,2021-09-22 17:16:53
405,ppossab8,mmunfordb8@addthis.com,62.98.93.43,2021-02-24 16:05:45
406,pgirdlerb9,dmaskillb9@topsy.com,132.53.171.27,2022-08-21 15:18:48
407,landriesseba,adominichelliba@ca.gov,218.16.95.213,2022-02-22 11:26:58
408,pgotcliffebb,lpassinghambb@163.com,141.196.6.135,2021-11-04 00:23:45
409,gbockbc,rrumminsbc@tinypic.com,168.163.177.86,2022-11-06 16:17:40
410,tbalfrebd,kashleebd@archive.org,57.49.155.99,2021-03-23 15:27:52
411,gpennicottbe,athomazetbe@w3.org,204.87.120.97,2023-01-20 11:44:30
412,rbreconbf,bmatthewsonbf@deviantart.com,137.214.120.194,2021-03-19 10:31:18
413,omcneilleybg,fbitchenerbg@ed.gov,20.78.147.74,2021-08-12 08:44:56
414,rhuggonbh,rbamforthbh@digg.com,107.6.17.227,2020-08-28 05:03:09
415,salvesbi,grobathonbi@loc.gov,111.150.227.98,2021-12-15 23:19:59
416,sweightbj,sdungebj@reuters.com,233.159.192.134,2021-04-16 07:24:30
417,mpautotbk,mmottebk@ifeng.com,27.179.66.211,2021-03-08 23:21:51
418,rmiramsbl,wannwylbl@fema.gov,35.155.172.38,2021-10-21 22:40:52
419,adonnebm,ldzenisenkabm@fotki.com,75.20.59.37,2021-12-27 11:54:16
420,dkittbn,carghentbn@csmonitor.com,190.71.141.105,2020-12-22 17:32:59
421,maleshintsevbo,lderingtonbo@1688.com,35.149.84.103,2021-11-13 16:14:54
422,lpirozzibp,sboskellbp@deviantart.com,176.204.195.41,2022-07-03 10:30:24
423,ehavikbq,mantleybq@redcross.org,15.189.222.35,2021-05-17 13:35:47
424,fdibsonbr,vdauberbr@jugem.jp,148.199.153.199,2022-01-09 17:08:53
425,mfridaybs,kmarchantbs@newsvine.com,199.162.95.62,2022-08-10 19:52:57
426,schristescubt,cstelfoxbt@sourceforge.net,42.42.188.30,2021-05-15 23:09:08
427,bwindressbu,pmacconchiebu@1und1.de,93.133.58.234,2023-01-01 16:52:16
428,kgedgebv,njoicebv@themeforest.net,146.45.196.145,2021-11-13 16:33:42
429,zstonesbw,hvanhaultbw@domainmarket.com,67.213.120.65,2023-02-06 22:15:44
430,jrisbiebx,lboutellierbx@shop-pro.jp,80.93.27.188,2020-09-21 01:56:19
431,gspellingby,tpresshaughby@amazon.co.jp,82.11.223.61,2022-08-11 12:30:31
432,halvaradobz,askynnerbz@hostgator.com,202.245.176.196,2021-04-24 06:21:24
433,lmcilvorayc0,kwhittletonc0@accuweather.com,158.89.239.211,2022-03-05 20:51:58
434,edaubenyc1,ogwyerc1@devhub.com,231.240.30.92,2023-02-05 18:06:09
435,dpickthallc2,dboaysc2@shareasale.com,147.67.182.215,2021-04-25 01:59:23
436,bparsandc3,lsparryc3@seattletimes.com,93.100.223.51,2020-11-29 19:33:06
437,ssconec4,vbynertc4@issuu.com,51.180.73.98,2021-03-06 03:59:17
438,ccansdillc5,hgeraldezc5@auda.org.au,215.111.66.196,2022-12-16 16:01:11
439,rbillec6,ljoannetc6@spotify.com,3.226.47.90,2021-01-06 14:53:46
440,cgrindellc7,lmckinnonc7@eventbrite.com,77.190.244.18,2022-04-16 21:29:12
441,slackmannc8,dshepcuttc8@gizmodo.com,27.7.87.106,2022-09-10 23:34:25
442,reilerc9,fgonoudec9@washington.edu,199.74.86.210,2020-12-20 00:20:37
443,sdohmsca,rgommeca@over-blog.com,137.239.152.162,2020-09-29 09:56:04
444,dlendencb,ajacobsoncb@godaddy.com,16.241.239.74,2022-11-28 23:56:13
445,rlastcc,scassedycc@cdbaby.com,152.218.235.104,2023-02-14 13:02:36
446,mbouldoncd,sliptrodcd@noaa.gov,138.19.140.210,2022-07-08 03:02:05
447,bmoiserce,cthwaitesce@uol.com.br,23.118.253.238,2022-03-10 10:12:41
448,nlittlemorecf,kvernallscf@amazon.com,229.108.68.64,2020-11-16 21:09:03
449,abramhamcg,hkennardcg@mysql.com,159.141.183.115,2021-08-30 17:12:38
450,kackersch,jbillaniech@google.pl,134.44.115.49,2021-03-30 01:01:04
451,khaymanci,gwhiteoakci@twitter.com,65.87.117.227,2021-01-24 23:28:18
452,mclamptoncj,hweallcj@sakura.ne.jp,194.113.18.133,2020-08-18 16:38:00
453,kokkerck,fpawnsfordck@shareasale.com,48.25.64.214,2021-06-03 15:50:33
454,ksuffieldcl,cosculleycl@xing.com,159.171.30.233,2021-01-16 03:40:41
455,aservantcm,wbaradelcm@tumblr.com,203.166.104.135,2021-04-02 08:45:36
456,sguppiecn,wraffelscn@flavors.me,38.253.157.22,2022-05-17 16:10:36
457,rlauritzenco,amaybeyco@behance.net,13.39.121.117,2021-07-28 07:09:18
458,acreancp,ojordesoncp@example.com,170.154.44.91,2022-05-05 09:36:58
459,bkinvancq,bcarncq@github.io,60.75.150.186,2021-03-30 10:32:55
460,dmckeachiecr,egadsoncr@nsw.gov.au,154.9.79.186,2021-11-16 09:41:07
461,bburgancs,heselercs@freewebs.com,250.120.206.253,2020-10-08 18:04:16
462,mtrasslerct,adoulct@multiply.com,138.90.125.14,2023-02-27 15:39:06
463,rmableycu,pposchelcu@nbcnews.com,219.208.111.162,2020-11-09 10:22:10
464,lgurnercv,pimpletoncv@theguardian.com,54.94.88.248,2022-12-06 12:16:53
465,dmolesworthcw,bculchethcw@infoseek.co.jp,53.204.87.224,2022-09-22 08:28:00
466,mdagleascx,agerltscx@omniture.com,202.74.229.102,2021-05-29 17:47:53
467,iborgcy,mfollency@amazonaws.com,92.228.140.62,2022-10-29 11:43:16
468,cchoulescz,livushkincz@blinklist.com,178.45.217.206,2022-01-14 22:03:56
469,htutchenerd0,pgrendond0@parallels.com,48.77.107.102,2021-06-30 06:21:51
470,pcuredaled1,chorbartd1@blog.com,142.122.57.39,2022-12-01 22:05:06
471,ngianellid2,mailwardd2@dion.ne.jp,84.170.41.111,2022-11-04 20:32:01
472,mpetersend3,kyuilled3@state.tx.us,124.125.14.205,2020-09-20 09:41:28
473,ymcreidyd4,qtudhoped4@bizjournals.com,85.44.5.92,2022-02-07 17:16:18
474,kpalluschekd5,scarhartd5@go.com,9.147.84.107,2020-10-20 03:06:10
475,asoaresd6,cullyottd6@addtoany.com,144.179.233.49,2023-01-23 07:01:20
476,csweetmored7,tdominicod7@gravatar.com,17.111.5.40,2021-07-22 16:14:29
477,xcolnetd8,ikitchenmand8@spotify.com,251.209.197.34,2022-11-30 23:02:57
478,nsilverd9,ldumphreyd9@quantcast.com,8.162.4.39,2021-06-13 17:26:49
479,msillda,llevicountda@ow.ly,158.17.250.19,2022-02-22 19:49:19
480,cblasdaledb,jvandevliesdb@google.es,0.8.36.246,2021-08-01 20:38:34
481,doscullydc,tohanveydc@netscape.com,74.137.79.0,2023-02-09 02:00:23
482,blebonddd,mteasdalemarkiedd@xing.com,83.166.10.225,2022-04-22 05:24:52
483,gmcalorende,jblumde@wikimedia.org,53.230.248.109,2022-10-07 13:52:59
484,kscullarddf,erhodusdf@so-net.ne.jp,45.99.240.94,2020-10-05 12:38:01
485,nelderfielddg,fgabrielidg@youtu.be,8.6.59.16,2020-09-05 03:18:54
486,ljefforddh,owhytemandh@wordpress.com,231.113.194.199,2021-08-12 01:10:17
487,ncarvilledi,eruedi@cbc.ca,210.230.154.119,2022-04-29 11:35:52
488,ftremolletdj,cdilkedj@mediafire.com,212.102.180.240,2021-05-06 16:03:30
489,evenndk,akirsteindk@wikia.com,95.49.58.169,2022-07-07 02:53:44
490,djouanetondl,jdanieledl@kickstarter.com,105.242.82.79,2022-12-23 02:39:44
491,fverlingdm,rgarciadm@state.tx.us,79.193.200.166,2022-01-23 22:06:33
492,rgoldbourndn,amattinsondn@mozilla.com,88.127.77.69,2022-07-03 17:54:05
493,opunchdo,gdemorenado@tamu.edu,58.17.65.93,2020-10-28 09:49:15
494,rbenitodp,jpitcockdp@wix.com,181.190.178.9,2021-10-10 07:33:40
495,mlhommeaudq,ckunischdq@ocn.ne.jp,52.102.189.235,2020-10-06 14:06:16
496,jrheltondr,mbraidwooddr@patch.com,198.185.127.135,2021-01-03 12:52:26
497,ihightownds,vbeebisds@weebly.com,74.195.188.120,2022-03-30 12:13:28
498,heggledt,lmalinsondt@google.de,91.171.233.116,2021-08-11 12:30:30
499,kibbersondu,farnalddu@parallels.com,251.112.33.209,2020-09-29 06:28:33
500,mruxtondv,spawlyndv@dion.ne.jp,226.20.19.91,2022-08-15 07:10:42
501,bdufairedw,wbowichdw@xrea.com,78.194.199.110,2021-11-04 03:49:40
502,sbuxydx,bbourdisdx@rambler.ru,194.65.176.76,2022-09-30 20:35:28
503,marmittdy,leixenbergerdy@domainmarket.com,211.138.97.153,2022-02-18 20:28:54
504,lmcturloughdz,dtrinderdz@ca.gov,166.63.193.60,2022-02-13 23:37:48
505,fjindriche0,pfomichyove0@biblegateway.com,155.161.16.38,2022-06-24 08:42:00
506,pwalkingshawe1,katkine1@adobe.com,29.7.42.137,2021-05-19 07:14:07
507,dbriente2,aphipsone2@gnu.org,19.67.30.60,2021-04-12 01:18:40
508,pswaynee3,rdoudnye3@plala.or.jp,178.154.211.12,2020-09-01 13:26:05
509,agoggene4,kriseleye4@sphinn.com,68.38.56.170,2022-01-18 15:08:49
510,hgillmane5,larundele5@ebay.com,62.30.140.179,2023-02-26 03:18:52
511,dizachike6,jofielde6@dyndns.org,152.199.55.45,2022-01-12 00:54:41
512,rpadkine7,tosannee7@storify.com,119.182.115.58,2021-06-13 15:16:12
513,lodochertye8,kkilpine8@smh.com.au,240.35.223.245,2021-03-06 02:30:11
514,lpalombie9,phuddlestonee9@ehow.com,40.19.176.213,2021-09-19 15:11:00
515,tgwillimea,wglennonea@oakley.com,30.9.248.110,2021-12-01 13:24:15
516,bchippingeb,cbickardikeeb@sphinn.com,21.190.189.193,2021-08-06 08:44:38
517,dbanghamec,smcquilkinec@tripod.com,222.77.65.246,2022-12-12 22:06:47
518,dmcbreartyed,sbolderoed@topsy.com,43.87.158.188,2022-08-27 13:59:58
519,atrekeree,mmccroaryee@dion.ne.jp,134.39.180.112,2021-02-22 10:00:17
520,jroomsef,amoverleyef@unblog.fr,2.253.215.69,2020-12-16 18:22:01
521,dgemmelleg,cantonettieg@ehow.com,177.35.219.233,2021-09-18 13:17:23
522,twegmaneh,wmaiereh@sina.com.cn,157.51.6.104,2021-10-29 08:28:13
523,tdoughillei,vrostronei@ihg.com,215.193.135.47,2021-11-01 08:49:33
524,fbenfieldej,nbuffhamej@bing.com,239.34.151.121,2021-05-19 00:17:11
525,gsainesek,reckartek@ftc.gov,151.228.29.118,2021-03-07 21:36:55
526,sschooleyel,edowlingel@ycombinator.com,122.197.84.118,2021-01-21 15:09:54
527,lcailem,hvasnevem@businessinsider.com,129.65.107.133,2020-12-19 09:26:55
528,mvalsleren,balexandrescuen@edublogs.org,167.134.126.222,2022-07-28 23:08:15
529,ccullneaneo,ewaymaneo@buzzfeed.com,4.202.144.121,2021-01-06 12:54:08
530,maddicoteep,tkaminskiep@cbslocal.com,95.72.28.26,2022-12-28 15:03:19
531,triddeougheq,mcollynseq@umich.edu,80.61.51.244,2021-06-09 23:13:25
532,yrentilller,jberceroser@nasa.gov,152.109.95.225,2022-06-29 18:41:51
533,akoppeses,bbradburnes@topsy.com,93.160.243.66,2020-11-27 21:22:32
534,ltallmanet,gplentyet@discuz.net,23.105.59.15,2021-06-18 05:56:40
535,kgrastyeeu,rhylandseu@nsw.gov.au,65.26.51.229,2022-02-01 11:44:47
536,civettev,bgatemanev@weebly.com,134.100.151.110,2021-03-20 06:20:37
537,jlattosew,amercikew@tuttocitta.it,232.51.114.57,2022-07-24 07:52:18
538,eheymesex,gfairhamex@sogou.com,192.26.183.193,2021-08-22 06:02:44
539,tgaitungey,hvoiseyey@hao123.com,61.80.7.90,2022-07-25 19:30:46
540,smcdermottez,dashmoreez@indiatimes.com,162.154.71.70,2022-07-19 01:15:51
541,lrawlingsonf0,cwrethamf0@rakuten.co.jp,42.29.83.253,2021-09-21 11:55:26
542,famyf1,bburragef1@networkadvertising.org,237.181.23.63,2022-07-23 04:22:05
543,eleachf2,cmelbyf2@symantec.com,66.71.138.138,2021-11-22 08:06:48
544,bgolthorppf3,helseyf3@lulu.com,99.64.179.167,2022-08-16 21:24:35
545,ggodbaldf4,abennief4@yellowpages.com,24.44.203.18,2022-01-18 18:02:44
546,afrancellof5,nclapstonf5@nhs.uk,98.122.11.209,2022-05-02 05:03:26
547,sginglellf6,ttynewellf6@illinois.edu,209.194.71.232,2021-12-17 15:33:30
548,ccursonf7,tmurdyf7@aol.com,121.6.135.221,2022-02-21 22:48:15
549,cewencef8,wboijf8@fda.gov,97.40.218.59,2022-04-22 08:44:36
550,rgatesmanf9,jpilkingtonf9@goo.ne.jp,217.108.157.69,2021-02-07 21:30:22
551,priggeyfa,kdowsettfa@digg.com,42.206.203.52,2021-03-29 12:19:34
552,ckieffb,daingefb@topsy.com,147.54.210.168,2023-02-24 14:35:38
553,ijewettfc,tfallafc@topsy.com,211.241.68.208,2022-11-09 16:38:28
554,gyoungmanfd,abrahanfd@google.ru,224.54.161.145,2022-04-23 10:38:59
555,josesnanefe,abrandassife@google.co.jp,206.235.55.120,2022-04-01 13:30:09
556,aleateff,hclemensonff@aol.com,157.227.34.37,2023-01-06 19:28:46
557,bsoutherillfg,hbottomfg@last.fm,210.98.72.182,2021-09-10 18:59:12
558,cjimesfh,thuntingfordfh@dell.com,97.81.241.174,2021-01-18 16:12:48
559,sechfi,hdaughertyfi@princeton.edu,55.72.171.247,2022-12-21 11:08:43
560,ldarrowfj,cmcvittyfj@ezinearticles.com,233.19.17.135,2021-06-06 09:58:01
561,hhindenburgfk,msoanefk@stumbleupon.com,111.98.26.116,2022-03-15 18:51:25
562,mcasolfl,ksparkesfl@bing.com,168.34.235.124,2021-03-06 16:58:48
563,sbeginfm,alimpertzfm@aol.com,145.248.171.77,2021-05-18 02:04:41
564,egittingsfn,lgoudgefn@twitter.com,97.239.123.252,2022-10-18 10:12:42
565,kkirwanfo,jhowellfo@geocities.jp,226.103.67.92,2022-10-04 09:01:05
566,rrowcliffefp,twalklingfp@webeden.co.uk,43.52.130.125,2020-10-14 11:12:05
567,gbrownriggfq,sbarthramfq@fastcompany.com,47.65.194.63,2021-08-02 07:32:41
568,kleffekfr,lmeechfr@wikispaces.com,124.201.62.159,2021-05-31 20:13:28
569,lfirsbyfs,mthoriusfs@ucsd.edu,202.137.188.107,2023-02-15 16:53:59
570,cspiresft,wsheenft@posterous.com,137.242.186.216,2022-10-16 21:43:28
571,scroomfu,mgaddasfu@bloglines.com,216.176.91.30,2022-09-05 06:09:07
572,wmenlovefv,cyarkerfv@hc360.com,42.85.30.244,2022-03-24 12:45:26
573,asunterfw,tingletonfw@china.com.cn,199.164.217.31,2021-04-23 01:20:59
574,clamblotfx,nwittmanfx@businesswire.com,190.126.22.84,2020-08-20 09:46:19
575,ktayntonfy,afriesefy@shutterfly.com,189.236.251.151,2022-10-13 14:13:10
576,atheodorefz,cmossfz@tripadvisor.com,71.52.102.194,2022-07-03 10:40:32
577,gcorradinig0,gvizeg0@studiopress.com,65.193.202.224,2022-01-07 09:23:49
578,scluesg1,pthewlisg1@nsw.gov.au,111.161.93.182,2023-02-23 23:12:35
579,aboscheg2,rfreerg2@epa.gov,117.168.219.64,2021-05-23 01:09:29
580,gramosg3,cewingtong3@nature.com,58.246.97.90,2022-03-10 16:06:25
581,sthomanng4,bmushrowg4@ftc.gov,89.77.215.11,2021-01-02 17:02:58
582,ndyersg5,uyanneg5@cbslocal.com,115.23.31.15,2021-01-10 13:00:27
583,jnortuneng6,jtwycrossg6@jugem.jp,196.185.95.125,2021-03-22 13:47:18
584,gpohlg7,dmelbyg7@webeden.co.uk,46.195.68.163,2022-11-08 12:21:47
585,tgreedg8,gbonaviag8@plala.or.jp,206.164.233.137,2021-08-25 03:17:44
586,azupag9,kshillaberg9@diigo.com,172.118.249.184,2022-02-23 05:02:18
587,nspinelliga,cstanmerga@princeton.edu,151.126.95.4,2021-05-12 04:10:47
588,bneenangb,cmonkleygb@scientificamerican.com,4.81.249.96,2022-04-20 12:56:47
589,erovegc,tvignauxgc@sciencedirect.com,186.202.244.12,2021-11-21 22:25:41
590,fattenbarrowgd,abanvillegd@ftc.gov,143.7.72.86,2021-11-16 11:57:36
591,cchartege,sskeetege@multiply.com,161.195.236.221,2020-10-15 08:10:48
592,aambroziakgf,fbritlandgf@mozilla.com,154.140.197.72,2021-04-24 19:43:00
593,sholburngg,phoulridgegg@ucla.edu,173.9.136.3,2021-01-14 01:42:43
594,mguisegh,jmonikergh@microsoft.com,254.40.186.148,2022-06-21 22:42:10
595,lfreshwatergi,btankusgi@soup.io,182.65.173.163,2022-07-29 22:27:42
596,bpielgj,bchanceliergj@state.gov,116.81.22.241,2021-06-08 18:40:56
597,znoadsgk,lantleygk@fotki.com,41.217.74.25,2021-11-28 00:42:34
598,psharnockgl,lwyleygl@fc2.com,21.125.105.140,2023-02-24 10:06:48
599,ofrischgm,jhaslengm@sun.com,148.63.179.34,2021-02-22 18:45:29
600,pkeatleygn,vbuffhamgn@virginia.edu,74.53.49.195,2022-07-31 06:37:40
601,ddevasgo,helacoatego@furl.net,124.133.214.133,2021-07-15 08:45:54
602,sbilyardgp,mwilboregp@ed.gov,87.240.6.45,2022-01-09 13:44:15
603,mhasemangq,qbrockiegq@cyberchimps.com,42.72.35.152,2022-09-16 14:23:28
604,lvaheygr,hkilleleygr@phpbb.com,177.48.22.102,2023-03-05 20:54:57
605,anutbeemgs,faronsongs@ameblo.jp,70.130.245.218,2021-10-24 12:10:17
606,dkaremangt,rpartkyagt@cnbc.com,33.192.104.136,2022-08-21 22:56:22
607,ksturdeygu,lklambtgu@salon.com,144.68.34.177,2023-02-09 22:31:06
608,ibansalgv,esummersgv@canalblog.com,44.214.32.255,2020-08-27 12:14:04
609,ddarnodygw,ggussiegw@163.com,42.205.162.11,2022-10-27 21:50:12
610,jmaccraegx,gullrichgx@fotki.com,192.169.76.74,2020-08-16 21:12:25
611,sjelfsgy,gbaggallaygy@mozilla.com,166.140.184.163,2020-09-09 12:15:17
612,kswadlingegz,aduesburygz@chicagotribune.com,239.69.79.195,2022-05-25 19:34:58
613,deagleshamh0,ecapounh0@technorati.com,211.167.58.146,2020-10-19 19:03:41
614,fpoytresh1,gedneyh1@marriott.com,213.140.3.109,2022-03-06 16:54:27
615,rsiveyerh2,rsaenzh2@independent.co.uk,219.168.58.203,2021-06-12 03:27:36
616,yfacchinih3,lullyatth3@newyorker.com,151.115.59.37,2022-02-05 02:10:00
617,trexworthyh4,jgostykeh4@wordpress.com,56.11.48.11,2022-01-13 18:17:47
618,ngallagherh5,padawayh5@flavors.me,51.191.232.117,2021-10-28 20:03:06
619,sfeighneyh6,mmobiush6@parallels.com,169.141.201.240,2020-12-21 03:32:17
620,mdockrillh7,fhexhamh7@tinyurl.com,13.73.222.50,2021-07-02 00:31:37
621,ndashkovichh8,rgodrichh8@usnews.com,224.218.78.112,2020-11-19 23:36:28
622,sbroomerh9,kblasketth9@wired.com,18.50.31.58,2022-09-22 20:15:50
623,gswithenbyha,hismailha@businesswire.com,215.54.187.137,2022-11-08 21:21:27
624,tcruceshb,kdeblasihb@e-recht24.de,218.25.38.76,2022-03-05 17:36:31
625,npescodhc,vmosdallhc@go.com,37.91.23.224,2021-09-06 19:30:34
626,ohaspineallhd,skobushd@tiny.cc,148.114.34.238,2021-04-21 00:57:42
627,bpetrellohe,lfrischhe@nsw.gov.au,79.134.6.72,2021-08-21 13:20:00
628,mdawshf,jtendahlhf@indiegogo.com,76.244.60.3,2022-05-09 02:00:55
629,lapplebeehg,pboutellierhg@globo.com,79.200.11.6,2022-07-11 17:38:46
630,lcecerehh,lmidlarhh@dell.com,166.198.65.231,2020-11-29 15:32:01
631,cbasinigazzihi,lpitherickhi@tripadvisor.com,72.3.128.162,2021-07-04 09:45:14
632,tfrenzlhj,llyndhj@bigcartel.com,88.14.45.45,2022-01-10 08:00:01
633,aschroderhk,ctroillethk@cafepress.com,37.211.1.158,2021-05-10 06:18:14
634,dkordovanihl,cburneyhl@kickstarter.com,239.54.87.214,2021-12-25 13:25:06
635,tthorneleyhm,apachhm@discovery.com,168.3.54.202,2022-08-22 09:25:19
636,jmcminnhn,bwoodnutthn@webnode.com,175.81.81.255,2023-01-11 20:19:53
637,jferrersho,gmckellenho@ihg.com,49.122.11.137,2022-10-06 12:46:26
638,emereweatherhp,nhandasidehp@google.com.hk,5.69.137.146,2021-01-19 07:00:21
639,sfeverhq,jdeyenhardthq@plala.or.jp,216.62.135.124,2022-06-06 17:14:41
640,idemirandahr,nnottinghamhr@nps.gov,52.3.195.25,2022-02-24 18:47:42
641,ppurveshs,aloudianhs@pagesperso-orange.fr,129.189.122.159,2020-08-19 09:08:42
642,arandalsht,rraikesht@wired.com,12.246.244.205,2022-07-06 15:03:45
643,rfockehu,rboxhallhu@whitehouse.gov,201.254.102.78,2021-11-07 18:56:51
644,dmacevillyhv,gswaddenhv@answers.com,124.244.125.241,2021-09-15 00:42:53
645,gtungayhw,bhawsonhw@dailymail.co.uk,40.9.182.80,2022-11-14 05:41:06
646,chayeshx,charversonhx@house.gov,12.135.245.47,2022-04-09 08:59:45
647,erollinghy,efernanthy@amazonaws.com,48.246.120.85,2020-09-14 08:00:21
648,bwithrophz,lfernihoughhz@tmall.com,165.175.20.102,2022-11-24 22:22:56
649,ablindi0,cthurlborni0@addthis.com,54.106.46.139,2021-12-30 02:24:32
650,cgrieswoodi1,ebartzeni1@trellian.com,85.115.187.88,2023-02-16 23:34:49
651,lgrigorievi2,lbevani2@simplemachines.org,120.79.113.96,2021-04-21 07:48:38
652,fhonnicotti3,kgumbleyi3@de.vu,53.152.210.236,2022-02-03 15:02:12
653,mwybrewi4,mheinseni4@sakura.ne.jp,153.254.123.103,2021-05-05 10:34:16
654,kdanieliani5,lrobinetti5@tripod.com,201.117.230.16,2022-07-09 08:22:12
655,aabbottsi6,wkybirdi6@census.gov,241.16.46.95,2022-12-19 09:20:57
656,tpeperelli7,hstockowi7@digg.com,18.143.47.6,2022-09-06 01:06:40
657,cespadatei8,amatchesi8@twitter.com,26.166.19.95,2023-03-09 10:57:48
658,pskaceli9,nbloyi9@biblegateway.com,185.159.186.198,2021-02-04 09:55:04
659,dgookia,egouldia@unc.edu,42.8.31.126,2021-04-27 15:11:20
660,hwhittingtonib,akeasyib@smugmug.com,251.234.143.140,2021-01-20 06:57:18
661,cpienic,rkiteic@yandex.ru,146.50.26.244,2020-09-03 13:42:20
662,ccrockid,tvigarid@harvard.edu,245.220.229.40,2021-08-11 13:09:54
663,mfeldererie,ebashamie@vimeo.com,237.172.47.45,2022-11-29 00:04:57
664,rrolfoif,adaltonif@godaddy.com,191.140.241.172,2022-07-22 04:13:54
665,amccathyig,jjoneyig@ycombinator.com,36.228.168.23,2021-05-09 03:19:23
666,ghoyerih,plapworthih@ca.gov,140.142.117.62,2022-09-02 10:52:58
667,jkittredgeii,jpoadii@cnn.com,39.17.127.20,2021-08-29 15:20:08
668,kyveij,jgiamelliij@netscape.com,98.31.235.212,2021-11-24 07:14:52
669,mprebbleik,pkernockik@creativecommons.org,12.131.136.139,2021-07-19 15:56:17
670,kwhicheril,bdensumbeil@discuz.net,117.140.181.162,2022-03-03 10:43:50
671,coliverasim,rmundfordim@columbia.edu,234.149.92.241,2021-04-12 16:38:40
672,ntrigwellin,falebrookein@opensource.org,215.9.58.216,2022-01-09 15:45:50
673,dsangeio,nandraudio@wiley.com,55.240.186.214,2022-06-30 09:09:13
674,aaslenip,cuttonip@comcast.net,56.229.180.20,2022-06-14 12:26:54
675,rlebangiq,chammerstoneiq@dmoz.org,130.75.94.170,2022-09-03 16:14:30
676,sfranssenir,cbartair@springer.com,191.218.22.61,2020-08-19 08:30:52
677,mpietruszkais,kbinesis@google.co.uk,31.128.252.211,2020-09-17 11:54:06
678,aclouteit,levasonit@com.com,163.215.50.133,2021-12-03 15:34:28
679,arosenthaleriu,kcaneiu@economist.com,91.228.164.125,2022-12-02 02:31:41
680,ewilshereiv,aregelousiv@uol.com.br,65.53.106.225,2022-04-08 21:09:35
681,wcoginiw,styrrelliw@icq.com,166.89.255.117,2021-03-27 10:16:08
682,gclemendetix,bsmallboneix@pen.io,192.154.248.93,2021-03-08 13:52:03
683,estreakiy,cturlandiy@eepurl.com,91.126.3.221,2023-02-17 22:14:00
684,tporcheriz,cfugglesiz@friendfeed.com,235.245.45.179,2021-10-29 17:59:26
685,tandrzejczakj0,nheindlj0@w3.org,46.124.187.236,2023-02-06 16:02:46
686,vwhatsonj1,aboobyerj1@home.pl,16.22.151.130,2020-10-16 01:23:34
687,bnegalj2,dmccourtiej2@tuttocitta.it,14.34.231.35,2021-10-19 21:16:31
688,ddoyleyj3,erubinshteinj3@altervista.org,26.228.146.196,2021-10-03 19:41:52
689,tgilbardj4,amarsayj4@princeton.edu,102.233.231.29,2021-10-22 04:01:25
690,fmilaj5,anorwichj5@japanpost.jp,249.221.193.97,2021-05-19 17:16:28
691,binworthj6,rshalloj6@flickr.com,192.85.223.208,2021-12-26 12:46:17
692,mcoldhamj7,ashelfj7@tripod.com,216.199.89.169,2021-06-04 16:28:56
693,dwithamsj8,jmillsonj8@vistaprint.com,204.77.124.55,2022-04-16 09:01:40
694,lmarjanovicj9,ahardistryj9@geocities.jp,37.230.40.71,2022-11-30 15:58:57
695,fmashroja,fmacdonnellja@so-net.ne.jp,27.195.224.14,2021-04-24 03:04:48
696,btysonjb,schampionjb@printfriendly.com,158.23.84.196,2022-11-19 02:39:47
697,tmaciejakjc,dcourceyjc@prweb.com,132.186.24.91,2021-07-15 16:40:37
698,rmaccrannjd,ftessingtonjd@guardian.co.uk,227.38.53.17,2022-04-15 21:19:11
699,fgartonje,dclemsonje@vistaprint.com,58.207.22.235,2022-04-30 11:08:22
700,jselvesterjf,olistonejf@indiatimes.com,53.12.79.220,2021-12-15 08:30:26
701,cmacalroyjg,aarmingerjg@adobe.com,153.237.18.90,2022-10-26 18:50:52
702,eskupinskijh,mmckeowonjh@ocn.ne.jp,160.124.172.141,2020-09-08 16:34:31
703,bkistingji,abrandleji@ning.com,192.158.91.51,2022-02-14 07:09:47
704,nspearingjj,mwhitearjj@dyndns.org,68.157.147.125,2021-09-21 15:02:41
705,tvigarjk,kreutherjk@jigsy.com,164.186.180.168,2022-04-11 13:42:18
706,rlampkejl,lcestardjl@pbs.org,87.156.47.210,2022-02-10 12:35:23
707,hhallihanjm,hdelacourtjm@cdbaby.com,90.243.203.241,2021-12-26 04:32:22
708,bpickhaverjn,obrundelljn@cnn.com,154.87.236.190,2021-10-29 05:55:43
709,mgilsthorpejo,jcowilljo@webs.com,113.47.215.149,2022-08-02 05:17:27
710,bciottijp,vgribbelljp@a8.net,163.147.166.3,2022-05-22 13:07:25
711,vpettyjq,qmonnijq@xrea.com,212.100.62.94,2021-06-23 09:36:28
712,nlavistejr,klydfordjr@rambler.ru,56.188.253.12,2021-10-21 18:16:44
713,jbruninijs,dcolatonjs@amazon.co.jp,47.37.202.190,2021-09-24 16:39:05
714,mbeddalljt,cnowerjt@behance.net,45.200.170.114,2022-04-12 01:30:16
715,viwanczykju,cbalsillieju@upenn.edu,69.97.231.164,2021-03-14 03:30:37
716,ikelsojv,csaunierejv@accuweather.com,179.74.244.17,2022-03-06 14:03:25
717,mcuddehayjw,cchuneyjw@cyberchimps.com,242.96.45.4,2020-09-01 02:05:10
718,jcopcottjx,bbrodeaujx@amazon.de,43.207.21.244,2021-05-01 21:34:31
719,jblackhalljy,msousajy@goo.ne.jp,119.43.210.113,2022-12-25 01:35:52
720,vmowlesjz,charriottjz@boston.com,3.10.198.171,2021-08-11 06:55:35
721,cmorpheyk0,zvernyk0@wiley.com,239.63.52.96,2020-09-29 19:38:14
722,lhubbuckk1,fstrewthersk1@blog.com,111.129.35.117,2022-07-25 15:44:57
723,bswinleyk2,kmillionsk2@spiegel.de,10.244.49.29,2022-01-08 07:33:51
724,ksleanyk3,dottleyk3@acquirethisname.com,154.99.10.20,2022-07-09 21:39:04
725,jtissellk4,agerhardtk4@nyu.edu,246.139.186.129,2021-01-09 18:47:56
726,rmarshallsayk5,alistk5@wikimedia.org,157.25.38.160,2022-10-19 07:26:11
727,wericksonk6,mkynndk6@oakley.com,254.14.5.130,2020-12-12 12:13:00
728,sbecerrak7,msprattk7@altervista.org,113.112.179.163,2021-09-14 00:44:36
729,lduckerink8,ariddioughk8@berkeley.edu,135.19.245.94,2021-08-06 00:35:46
730,fmidlark9,ftisunk9@chron.com,132.181.61.37,2020-11-13 09:28:00
731,jcarriageka,ftylorka@tripod.com,39.24.209.30,2022-02-08 04:35:52
732,nlippardkb,tboolerkb@cdbaby.com,103.12.48.142,2020-12-09 20:03:08
733,wdedonkc,kchetwinkc@free.fr,174.200.166.160,2022-08-05 21:31:58
734,amouncekd,ibreederkd@flavors.me,62.126.125.231,2022-06-29 18:14:05
735,nsutherdenke,gbrollyke@indiatimes.com,68.48.126.235,2023-03-04 23:16:34
736,lturrellkf,zfayerskf@pagesperso-orange.fr,5.95.178.223,2020-09-26 23:15:35
737,lhousbeykg,bclipsonkg@sfgate.com,52.189.183.114,2022-04-03 08:16:40
738,mpettipherkh,dpetrushkevichkh@addtoany.com,9.162.138.97,2021-03-18 14:13:25
739,hmaudittki,rklimaski@dailymotion.com,44.31.23.115,2021-05-25 06:48:22
740,cmcgheekj,dmathoukj@etsy.com,166.116.247.214,2023-02-07 03:49:45
741,wkrollekk,cgowriekk@fda.gov,156.0.253.127,2022-03-09 19:09:39
742,gmagowankl,mdemezakl@mapquest.com,190.35.218.103,2021-11-26 13:26:25
743,wpietrikm,cthomaskm@fotki.com,66.158.239.217,2020-10-16 07:09:36
744,pmcneekn,mzannottikn@cbslocal.com,164.250.26.61,2021-10-14 19:35:46
745,epenniniko,mgarmentko@blogtalkradio.com,194.204.101.29,2021-02-02 23:07:54
746,hguyverkp,qbourgeskp@google.com,191.77.134.87,2022-05-11 07:41:17
747,sbartoccikq,smeyerkq@mysql.com,130.197.47.143,2021-12-10 18:17:37
748,ctomaellokr,jobinkr@newsvine.com,106.245.161.42,2022-01-13 21:58:24
749,dspreagks,ltatnellks@constantcontact.com,124.183.95.196,2021-12-08 00:34:11
750,troubeixkt,smullisskt@google.com.hk,250.10.62.248,2020-08-30 05:49:54
751,rauklandku,lmedlandku@amazon.co.jp,168.50.46.192,2022-07-09 12:42:44
752,ccomazzokv,jkestlekv@deliciousdays.com,106.99.178.159,2022-02-10 09:36:11
753,tdavidowichkw,jwhitearkw@businesswire.com,217.171.114.199,2020-11-18 08:32:51
754,dpeepallkx,efluinkx@instagram.com,170.117.223.129,2021-01-06 08:35:19
755,msorrellky,froffeyky@google.nl,138.38.77.141,2022-12-30 03:49:25
756,rsheptonkz,bdoughterykz@umn.edu,148.250.41.131,2021-01-18 19:42:01
757,rteodoril0,kmcmorranl0@stanford.edu,238.209.255.238,2022-08-04 17:28:23
758,eritchingsl1,mkrausel1@tiny.cc,115.143.216.83,2022-08-30 23:33:23
759,amarnsl2,vbrokenbrowl2@usatoday.com,145.102.43.93,2021-06-28 09:56:06
760,viozefovichl3,gbrabbanl3@yandex.ru,136.173.26.145,2021-03-06 23:17:15
761,bdeandreisl4,lbedrosianl4@sogou.com,10.220.223.110,2023-02-24 20:03:03
762,aflorisl5,lmonckl5@squarespace.com,108.161.157.86,2020-11-09 16:33:15
763,msmittenl6,enelliesl6@people.com.cn,123.248.171.227,2021-02-12 01:01:21
764,paulettal7,ilamasnal7@ucoz.ru,232.139.136.254,2021-02-04 23:58:34
765,vcrayl8,mscedalll8@exblog.jp,20.247.191.99,2023-02-17 14:19:28
766,dclinchl9,sbelliveaul9@rambler.ru,173.180.133.153,2022-02-19 23:15:27
767,nsatterlyla,bmulcockla@ibm.com,158.254.97.17,2022-05-23 12:14:39
768,rlagdelb,cmaccartairlb@hostgator.com,107.93.166.172,2022-04-19 02:27:57
769,lmacinherneylc,lspancocklc@howstuffworks.com,110.0.186.148,2022-12-05 16:01:08
770,cospillaneld,eulyatld@meetup.com,89.21.201.134,2022-09-06 05:51:23
771,mmclurgle,ecardnellle@springer.com,171.8.66.67,2021-12-06 05:38:57
772,nkimbleylf,kwederelllf@blog.com,163.41.138.57,2021-07-06 20:44:58
773,tdanniellg,ulungelg@aboutads.info,72.175.95.46,2023-02-19 21:05:36
774,mdeetlefslh,radamsenlh@google.es,49.175.217.181,2022-11-20 03:12:36
775,bbullantli,csentanceli@mac.com,70.252.163.22,2022-11-12 21:50:40
776,wbygatelj,sbeeklj@unicef.org,1.253.179.252,2022-12-31 17:42:12
777,bskeenelk,ajeandotlk@biglobe.ne.jp,103.63.243.159,2022-11-16 11:33:57
778,wbarffordll,sbelvinll@godaddy.com,160.15.157.29,2021-02-18 06:06:35
779,mrossantlm,dgunsonlm@slideshare.net,216.132.75.126,2021-03-22 14:36:53
780,vbarkshireln,zgosneyln@miibeian.gov.cn,169.12.132.168,2021-07-23 03:50:02
781,edalmeidalo,psiccombelo@census.gov,138.29.151.255,2020-10-09 16:09:38
782,lschimonilp,shutchinsonlp@hatena.ne.jp,93.49.170.229,2023-02-21 10:18:00
783,tanthonylq,ecuelllq@csmonitor.com,164.163.189.215,2021-11-09 06:56:34
784,sbernhardilr,xsnoddonlr@oaic.gov.au,57.247.161.209,2021-07-05 03:19:56
785,llustyls,aparmanls@stanford.edu,32.57.168.33,2022-07-07 22:50:02
786,skunertlt,egiacomilt@tiny.cc,131.37.255.7,2020-12-02 18:13:47
787,dhowettlu,spuddinglu@hubpages.com,166.175.169.55,2023-01-31 08:37:32
788,kollerenshawlv,awarderlv@fc2.com,85.200.12.10,2021-04-18 02:31:28
789,dtilbylw,alampellw@paypal.com,62.249.22.163,2021-09-22 20:17:56
790,adunfordlx,wmarquotlx@nasa.gov,18.196.205.41,2021-02-23 17:36:20
791,vjeppely,nfirpily@answers.com,232.225.71.57,2020-10-24 01:27:21
792,amclemanlz,hdoxeylz@zdnet.com,95.232.78.97,2023-01-11 00:58:16
793,sbwyem0,kbuddm0@usa.gov,151.219.141.228,2021-05-23 23:32:55
794,gtorbeckm1,hwincklesm1@shop-pro.jp,58.221.97.92,2020-08-22 13:11:45
795,wpeironem2,pblaaschm2@gmpg.org,160.156.213.182,2020-12-18 23:22:50
796,lsellorm3,jblankenshipm3@wired.com,192.130.134.255,2022-08-13 06:55:29
797,mportugalm4,rsimcoem4@barnesandnoble.com,186.243.231.204,2022-05-24 07:39:45
798,blamarm5,fjossem5@uol.com.br,181.200.116.113,2021-04-04 02:55:27
799,bwallentinm6,cdaykinm6@vinaora.com,99.0.11.88,2022-01-20 09:07:42
800,ebromem7,edefreynem7@statcounter.com,188.28.76.196,2022-08-27 04:09:52
801,ncrouchm8,dhuchotm8@cpanel.net,231.220.121.213,2022-11-01 16:27:26
802,jsimm9,csonscheinm9@edublogs.org,44.188.172.220,2020-09-06 06:20:43
803,mfitzgilbertma,jjopema@economist.com,68.116.9.18,2022-09-12 03:16:35
804,pmcilraithmb,tpetranmb@yolasite.com,163.9.1.241,2021-10-26 11:43:27
805,jupshallmc,abattesonmc@people.com.cn,78.6.254.63,2022-11-24 11:25:55
806,dfencottmd,tmckennanmd@lycos.com,55.83.223.240,2020-08-24 12:39:05
807,dtallmanme,ccastellome@live.com,188.155.17.150,2021-12-18 06:42:13
808,cszantomf,dfedoronkomf@ihg.com,240.69.138.97,2020-08-20 21:25:40
809,arosemg,mjennomg@europa.eu,180.135.218.173,2020-11-30 16:39:10
810,jivashnyovmh,rlilliemh@youku.com,253.150.239.9,2020-10-24 00:35:58
811,ldimmackmi,agerltsmi@newyorker.com,39.204.137.185,2020-11-26 00:30:48
812,playemj,nheadrickmj@qq.com,181.120.125.147,2021-04-04 09:50:38
813,esutlieffmk,bdiboldimk@google.es,46.77.3.127,2022-08-09 02:49:10
814,flandallml,rdurrellml@bandcamp.com,25.172.105.16,2021-03-08 12:20:19
815,jspellarmm,gblazemm@ucoz.com,222.235.225.120,2022-03-19 17:37:22
816,aedelmn,sconcklinmn@ning.com,174.143.123.135,2023-01-06 00:12:55
817,sschallmo,sbottrellmo@adobe.com,241.104.171.198,2021-01-01 03:01:49
818,monginmp,duphillmp@wordpress.org,94.162.166.171,2020-09-02 19:49:49
819,znoodsmq,orysonmq@zimbio.com,36.35.161.132,2021-07-24 23:52:02
820,akainesmr,nwroutmr@wix.com,93.163.52.2,2021-06-07 12:16:31
821,danstisms,ckaddms@jugem.jp,156.124.43.89,2021-05-10 05:25:05
822,bhumbellmt,pjodlkowskimt@home.pl,127.33.204.177,2020-12-07 21:09:14
823,rnickellmu,udrehermu@g.co,209.59.57.84,2020-12-09 20:44:11
824,ggoodburmv,mholdworthmv@lulu.com,203.185.69.81,2021-09-13 10:35:25
825,thorstedmw,forbellmw@networksolutions.com,43.40.162.35,2020-12-22 18:31:07
826,akitleemx,rsallmx@bbc.co.uk,124.66.253.98,2021-08-24 17:46:14
827,ebilboroughmy,jalgiemy@cnn.com,41.249.82.195,2022-10-29 09:32:53
828,ksarginsonmz,redworthiemz@netvibes.com,182.37.84.214,2022-04-21 17:47:33
829,gblenkinshipn0,ssprakesn0@goo.gl,112.111.44.43,2021-08-23 18:33:03
830,mromann1,cdanielssonn1@reddit.com,114.189.99.31,2021-09-12 18:13:33
831,vmurdien2,ekeavyn2@plala.or.jp,233.244.217.209,2022-06-03 18:03:53
832,dglandonn3,clongstreetn3@blogtalkradio.com,226.224.74.125,2022-09-13 22:05:18
833,bgolthorppn4,mruzicn4@blogtalkradio.com,189.13.75.211,2022-07-31 17:43:22
834,etharmen5,lruanen5@slate.com,227.208.131.36,2022-04-13 19:01:02
835,kdennistounn6,gedgern6@sciencedirect.com,194.16.220.5,2021-06-28 08:22:53
836,tfiddimann7,nyeardleyn7@quantcast.com,6.141.117.148,2021-06-25 01:09:37
837,hconsterdinen8,bohlsenn8@umn.edu,215.174.43.220,2021-10-16 00:21:03
838,cpaolin9,wrouthornn9@house.gov,197.221.217.84,2022-06-15 06:06:48
839,rcoghillna,aburberowna@jigsy.com,112.246.114.101,2020-12-01 02:28:45
840,rdoignb,rmcilreavynb@foxnews.com,223.50.177.31,2021-07-24 00:00:16
841,dgillbanksnc,sfurzernc@gmpg.org,152.9.177.180,2022-09-01 12:30:13
842,wneildnd,wtomasind@alibaba.com,160.85.162.225,2022-09-17 02:52:23
843,eridleyne,kruvelne@odnoklassniki.ru,227.189.170.65,2022-03-29 13:05:33
844,tcallinannf,jheinzlernf@java.com,4.6.58.102,2021-02-24 03:08:19
845,jantonescung,klaightng@latimes.com,30.211.55.104,2021-07-15 00:46:54
846,abasinigazzinh,bburgwynnh@feedburner.com,220.254.43.169,2021-08-06 13:35:53
847,cmorgonni,cedneyni@ebay.co.uk,243.107.157.234,2022-06-08 06:43:43
848,nmallardnj,lhedonnj@hp.com,30.151.35.246,2022-09-17 05:07:37
849,jboomenk,jwoolliamsnk@dot.gov,127.193.150.198,2023-03-12 08:40:05
850,mrobbertsnl,ybarbarynl@nature.com,106.53.57.35,2022-03-18 13:44:15
851,ahaddocknm,ebalintnm@slideshare.net,126.241.242.49,2022-07-17 11:17:25
852,okabischnn,hchaggnn@mashable.com,24.38.232.102,2021-07-10 03:09:22
853,htrinbeyno,astearneno@tamu.edu,79.222.241.225,2021-06-23 19:02:38
854,eewensonnp,aradnagenp@so-net.ne.jp,243.195.151.161,2022-09-02 08:49:02
855,kdigweednq,vhalfacreenq@dagondesign.com,153.237.141.102,2020-12-07 19:38:46
856,kdrynannr,lrennocknr@blogs.com,254.218.100.191,2021-12-06 01:43:44
857,lmogenotns,qmacguiganns@nature.com,141.4.44.141,2022-07-11 05:25:14
858,csybent,bswidenbanknt@home.pl,118.239.116.243,2021-07-28 21:49:25
859,eohlsennu,aenglandnu@posterous.com,31.92.221.116,2022-07-10 10:29:45
860,cllopnv,ecarlonenv@friendfeed.com,139.59.227.149,2021-08-11 17:52:06
861,msouthersnw,bkrzyzanowskinw@samsung.com,197.170.236.31,2022-10-09 00:01:45
862,lbendellnx,ejimeneznx@google.cn,222.98.193.20,2021-07-26 07:33:29
863,fcoviellony,bblareny@wunderground.com,39.216.33.176,2022-10-18 05:36:19
864,sansillnz,mcanapenz@harvard.edu,246.79.198.31,2022-05-02 16:25:07
865,jsyero0,fcausbeyo0@theguardian.com,206.15.34.21,2022-03-12 20:47:38
866,mhellsdono1,edigmano1@barnesandnoble.com,123.201.188.235,2021-09-30 17:22:46
867,jmcquieo2,pyarrantono2@photobucket.com,149.74.17.147,2022-03-03 00:09:51
868,bsando3,emintramo3@engadget.com,8.0.77.166,2021-05-17 20:36:21
869,mfeifero4,bkoreso4@nytimes.com,45.57.150.74,2022-05-17 14:01:17
870,csoaneso5,medgleyo5@wufoo.com,128.2.8.7,2022-12-04 22:52:32
871,cnoadeso6,hnorawayo6@ftc.gov,152.25.87.255,2021-02-23 00:45:32
872,gcolleso7,pbreslauero7@reuters.com,156.162.147.246,2020-11-18 15:19:03
873,clambrechtso8,mwimpeneyo8@ning.com,188.133.60.113,2022-04-05 02:22:50
874,brandallo9,brudledgeo9@about.com,147.25.213.46,2023-03-20 09:42:12
875,mdomekoa,cchristophersoa@scientificamerican.com,83.182.87.201,2022-08-20 20:45:23
876,amarkingob,wsolomonidesob@rediff.com,235.52.225.234,2022-07-17 12:21:07
877,ckosiadaoc,btorresoc@networksolutions.com,46.115.21.28,2021-10-31 14:15:58
878,rokieranod,rpanimanod@github.io,193.50.194.169,2020-12-23 08:02:35
879,rfennaoe,acurtoisoe@icq.com,74.116.50.152,2021-08-26 19:31:09
880,hadolfsonof,ebriseof@elpais.com,210.69.136.212,2022-04-02 06:39:46
881,ntornsog,tmaccarterog@ed.gov,203.56.160.236,2022-03-05 00:51:41
882,cpenleyoh,ahackeyoh@fastcompany.com,107.135.195.251,2022-04-01 21:07:27
883,zbeaumontoi,msimkovitzoi@networksolutions.com,190.242.54.252,2020-09-16 05:17:10
884,ksimnelloj,abrandaccioj@imdb.com,241.5.227.180,2022-01-13 06:58:07
885,dharomeok,bivicok@unicef.org,200.156.252.34,2022-11-23 15:32:48
886,tfiggeol,rcharityol@google.ca,242.122.3.189,2022-09-02 20:50:29
887,gpergensom,sdewickom@hostgator.com,123.251.88.22,2021-04-01 01:39:08
888,khableton,grigardon@qq.com,120.206.251.188,2021-01-04 17:22:42
889,mbyfieldoo,mzorzonioo@usnews.com,32.129.245.39,2023-01-11 04:39:16
890,jvanleijsop,hgrelakop@storify.com,24.121.247.109,2022-06-29 00:50:04
891,atokelloq,tthaineoq@eepurl.com,7.58.23.22,2020-10-02 04:46:25
892,gleefeor,ltempletonor@biglobe.ne.jp,133.211.223.185,2022-03-03 04:50:41
893,mattockos,ddeightonos@theglobeandmail.com,98.23.214.19,2021-10-06 17:33:39
894,uboykettot,lmoubrayot@mapy.cz,207.107.32.19,2021-07-03 21:20:55
895,rhumburtonou,rodgersou@blinklist.com,220.172.79.211,2022-01-26 17:12:46
896,abarouxov,dsturneyov@cbslocal.com,29.155.68.129,2022-07-07 05:49:34
897,vleverow,eduddanow@nymag.com,129.71.116.117,2023-01-15 02:56:38
898,tmaccarrollox,slairdcraigox@ustream.tv,163.182.141.68,2021-10-27 09:27:23
899,hmoffettoy,ppregeloy@who.int,159.26.59.50,2020-10-20 10:37:22
900,yrubenoz,gjanekoz@weebly.com,227.51.132.83,2020-12-06 11:50:27
901,ckemwalp0,bpietzkerp0@purevolume.com,25.185.16.146,2021-04-09 16:48:27
902,rmattamp1,tpigotp1@forbes.com,253.17.49.152,2021-06-24 12:49:59
903,froskellp2,csemainep2@intel.com,124.58.18.47,2022-05-09 16:28:58
904,jcoltp3,jhegartyp3@about.me,36.176.187.44,2021-08-25 01:15:36
905,sclossp4,tgrunbaump4@hostgator.com,15.67.145.89,2021-06-18 14:45:24
906,glindelofp5,gbowesp5@mayoclinic.com,11.52.42.203,2022-04-03 01:12:23
907,misseleep6,dkramerp6@networksolutions.com,125.34.116.143,2022-04-03 15:55:54
908,bjansiep7,htorrijosp7@multiply.com,218.49.80.238,2021-04-30 04:41:51
909,dchipchasep8,mdemicolip8@earthlink.net,76.23.166.12,2022-03-06 22:54:06
910,apeaseyp9,gsprigginp9@wikispaces.com,24.153.141.148,2022-04-29 20:16:39
911,jmeahpa,ccristofanopa@is.gd,230.181.47.180,2021-10-26 20:48:50
912,stravespb,njanoschekpb@sourceforge.net,129.244.138.189,2021-10-02 02:47:59
913,dhusseypc,achavepc@hubpages.com,163.198.63.138,2022-06-09 23:51:17
914,ctryepd,satlingpd@prlog.org,44.149.1.91,2020-11-12 20:51:49
915,cshillampe,jtidype@cnet.com,121.128.186.131,2020-09-25 14:42:07
916,tdixceypf,mennewpf@blog.com,192.181.156.71,2022-03-11 03:32:18
917,perickssenpg,dphibbpg@soundcloud.com,148.35.82.25,2022-11-18 21:24:18
918,kmegaineyph,bjennensph@theglobeandmail.com,130.190.228.9,2020-09-18 01:29:40
919,vminchindonpi,cprudencepi@ibm.com,239.105.67.246,2022-07-24 16:14:51
920,pgroundwaterpj,lcolacopj@newyorker.com,30.132.85.237,2021-09-17 05:46:20
921,halexsandrevpk,pvaughampk@mashable.com,192.139.185.133,2022-12-20 12:34:59
922,pkleinbererpl,dcrosslandpl@sciencedirect.com,227.75.126.204,2021-11-05 19:54:57
923,kconeaupm,rcarpepm@cnn.com,87.19.30.17,2021-06-25 23:27:55
924,opiercypn,vdenkelpn@histats.com,124.34.244.36,2022-06-04 14:55:00
925,cvanderveldepo,gcoultpo@prweb.com,69.89.77.213,2021-02-25 22:45:18
926,mdevannypp,ewarriorpp@stanford.edu,114.98.121.126,2020-11-10 05:03:00
927,edillintonepq,tjamespq@msu.edu,142.73.128.132,2022-02-16 01:09:02
928,adelgatypr,cletfordpr@microsoft.com,90.159.104.107,2020-11-14 02:57:19
929,lixorps,cmessengerps@nps.gov,120.2.36.207,2022-04-16 06:47:50
930,abeddowpt,bfoloninpt@imageshack.us,62.33.17.91,2022-08-29 09:37:17
931,ahenkenspu,wlairdpu@google.pl,72.57.208.92,2021-06-07 00:44:51
932,mlobpv,lbessonpv@amazon.co.jp,255.184.18.16,2020-08-27 18:49:27
933,mgooderridgepw,wlegerpw@lulu.com,179.23.181.202,2022-04-26 12:57:25
934,wroubeixpx,drudeforthpx@aol.com,130.26.149.31,2023-01-21 05:43:17
935,ckeavepy,dmcvanepy@meetup.com,116.156.185.165,2021-07-08 06:04:33
936,ekeddiepz,egoodrampz@mysql.com,154.70.110.245,2021-08-01 15:19:01
937,rforbearq0,rtisonq0@virginia.edu,89.1.126.58,2022-05-29 16:24:28
938,zcrotherq1,spriggq1@intel.com,114.183.23.79,2022-12-28 15:28:14
939,dcaseborneq2,aseacroftq2@live.com,100.35.178.51,2021-01-17 15:22:43
940,oleyq3,borgenq3@cnn.com,13.126.98.137,2020-09-22 18:49:06
941,jbrummellq4,rspellarq4@google.com.hk,192.0.133.39,2021-11-16 11:55:00
942,mrobkeq5,ldouglassq5@histats.com,218.230.172.178,2021-08-13 13:14:38
943,aazamq6,darmourq6@bizjournals.com,137.93.197.219,2020-11-07 07:48:37
944,onavaroq7,msteffansq7@addtoany.com,49.205.3.147,2021-09-13 15:11:27
945,ssiderfinq8,lbaudtsq8@google.co.jp,226.215.243.115,2021-06-22 03:53:19
946,gfarninq9,bgrangeq9@nps.gov,130.47.50.120,2020-11-09 01:08:50
947,bcrociqa,gkeddleqa@a8.net,123.227.188.226,2020-12-13 22:19:21
948,vdalyqb,mburtwistleqb@vinaora.com,243.1.96.179,2020-11-04 03:12:53
949,ppendreqc,tdogeqc@plala.or.jp,155.72.163.211,2020-10-10 19:25:57
950,cquadrioqd,lrapinettqd@umich.edu,213.62.96.199,2022-12-23 22:13:03
951,rworkmanqe,iwinterburnqe@globo.com,60.112.42.174,2021-04-26 00:18:29
952,phellinqf,mvogeleqf@rambler.ru,94.34.129.175,2021-12-20 20:14:50
953,alangfittqg,bbagshaweqg@army.mil,136.166.73.41,2020-11-14 10:44:05
954,tbrickdaleqh,csennettqh@xing.com,227.29.162.139,2021-11-16 01:26:14
955,kklimczakqi,lbackhouseqi@meetup.com,68.160.158.243,2022-06-19 04:38:08
956,ptaleqj,ltroyesqj@zdnet.com,61.159.11.131,2020-10-12 09:47:00
957,smcpikeqk,hsivillsqk@slate.com,217.121.100.27,2020-09-21 23:01:54
958,sagottql,wstalmanql@cam.ac.uk,126.201.48.17,2021-09-11 19:56:58
959,rpfaffelqm,jhalidayqm@drupal.org,106.91.222.207,2023-01-26 15:28:29
960,bwillemanqn,sgegayqn@census.gov,234.91.49.31,2023-01-30 20:16:02
961,fmcgillegholeqo,ofeighryqo@imgur.com,126.136.241.67,2021-11-13 14:47:06
962,pduffyqp,ilambirdqp@i2i.jp,3.204.189.53,2020-08-30 17:49:13
963,fcowansqq,smellowsqq@example.com,60.173.172.194,2021-03-16 12:07:49
964,ablunnqr,mlockqr@yale.edu,79.160.129.140,2021-06-22 02:43:33
965,jfairbeardqs,aforoqs@goo.ne.jp,243.46.78.131,2021-03-25 04:57:31
966,mkeymerqt,jdupreyqt@uol.com.br,15.239.108.167,2021-06-20 20:02:07
967,rburrissqu,rmiddlewickqu@princeton.edu,184.152.90.60,2022-10-28 15:56:37
968,amassyqv,tlemarchandqv@archive.org,161.29.192.11,2021-06-19 15:31:29
969,nnasheqw,dakriggqw@economist.com,153.132.54.73,2021-01-11 02:28:19
970,tdelbergueqx,ktheriotqx@globo.com,213.5.73.2,2020-12-21 12:38:02
971,aglisaneqy,akelleyqy@miitbeian.gov.cn,159.146.69.56,2021-03-22 10:15:54
972,cjaniszewskiqz,khellwigqz@360.cn,13.141.154.188,2022-07-05 21:17:30
973,ppattingtonr0,rcowlamr0@1688.com,195.130.176.17,2020-12-19 20:43:59
974,gmurcuttr1,lcollisonr1@webmd.com,39.227.97.158,2020-12-22 00:35:24
975,csmitheramr2,pwilkinsonr2@washington.edu,228.111.246.101,2021-08-19 13:59:18
976,fgapperr3,cfiker3@yale.edu,222.132.119.34,2021-03-24 09:44:25
977,dstanyanr4,lgoddmanr4@princeton.edu,207.178.122.132,2021-09-24 20:15:31
978,tlegisterr5,jnelthroppr5@upenn.edu,122.225.110.105,2022-09-06 10:46:32
979,hpauleaur6,atollidayr6@facebook.com,222.235.184.66,2023-02-17 16:01:14
980,mreyr7,aingersonr7@pbs.org,219.237.237.180,2021-02-24 02:58:09
981,floxdaler8,rgarradr8@apple.com,109.221.182.118,2022-03-09 19:59:05
982,lovendenr9,aneeshamr9@sbwire.com,3.43.22.57,2021-03-24 11:23:14
983,hpeermanra,epitchersra@prweb.com,176.162.167.177,2020-11-07 07:18:25
984,swainmanrb,pattenbarrowrb@cdbaby.com,52.221.184.82,2022-04-15 15:35:59
985,kpowlettrc,atrainerrc@tinyurl.com,171.213.20.125,2022-01-19 01:11:43
986,fvassayrd,cquiddihyrd@aol.com,104.247.18.171,2022-08-24 10:21:26
987,tquaifere,achampnessre@pinterest.com,72.138.74.109,2022-03-10 17:02:17
988,cmathelyrf,astigersrf@amazon.co.jp,52.117.141.134,2021-04-29 15:57:52
989,mdjurisicrg,sgilbankrg@reddit.com,130.44.174.35,2022-05-11 14:48:41
990,jcutrissrh,frosinarh@furl.net,28.71.232.131,2022-04-10 19:11:45
991,ecarlesiri,kmoylerri@ucla.edu,15.100.148.112,2022-01-13 03:39:10
992,mboonrj,mvarvararj@jiathis.com,178.231.202.45,2021-02-17 09:40:43
993,hnovikrk,selkinrk@squarespace.com,23.243.2.170,2022-11-14 11:34:32
994,mhierrorl,wbrixeyrl@comsenz.com,152.118.12.134,2023-02-26 21:21:32
995,mlavisrm,dglazerrm@wiley.com,213.134.20.160,2021-01-27 01:52:26
996,mmcclunaghanrn,caspyrn@ameblo.jp,11.101.21.13,2021-05-12 09:16:30
997,anardoniro,jcristofaniniro@biblegateway.com,37.115.42.164,2021-09-01 16:30:24
998,flowyrp,ebrakespearrp@a8.net,194.206.123.56,2022-07-04 17:30:47
999,adabbsrq,alathomrq@indiatimes.com,203.238.14.204,2021-07-23 09:29:26
1000,felixrr,jdenisrr@chron.com,49.38.125.191,2020-12-30 20:39:04
