first_name,last_name,current_employer ,city_of_residence,invested_amount,account_id
Sidonia,Zottoli,Waters-Pollich,Junkou,22118.01,1
Nichol,Casseldine,Jacobi Group,Plaza de Caisán,17324.01,2
Kipp,Kiellor,Reichel-McLaughlin,Espírito Santo do Pinhal,27790.09,3
Karol,Martinuzzi,Weissnat-Howell,Pidsandawan,4038.77,4
Gerhardt,MacMaykin,Pacocha Inc,Wonodadi,16345.56,5
Laurena,Merredy,Romaguera-Cummings,Delft,25248.48,6
Nelson,Manueau,"Bruen, Hintz and Marvin",Vale de Rolas,13617.63,7
Betsy,Placidi,Wiza-Roob,Dongxin,13954.44,8
Dall,Goane,Reichel-Durgan,Tando Jām,10031.88,9
Reece,Thoma,Ebert Group,Dukuhmencek Lor,29381.66,10
Garrot,Congreve,"Wiegand, Leffler and Murphy",Impendle,18711.67,11
Pierce,Vasovic,"Towne, McLaughlin and Labadie",Chiba,34994.23,12
Ellary,Galvin,Wolf-Carroll,Huolongping,34667.94,13
Annabela,O' Quirk,"Schmidt, Huels and Kling",Nesebar,16020.26,14
Lissa,Gullis,Robel-Wolff,Chinch'ŏn,3351.99,15
Alyss,Martinovsky,O'Reilly Inc,Sixi,28429.69,16
Noelyn,Paunton,Reilly and Sons,Carabayllo,13362.66,17
Ahmad,Doig,Medhurst Group,San Jerónimo,12789.62,18
Tammy,Fitchett,"Wyman, Sipes and Corkery",Olímpia,22399.56,19
Kile,Corsar,Dickinson Group,Shamkhor,17713.61,20
Baldwin,Aslin,"Torp, Rolfson and Prohaska",Vilppula,33388.42,21
Emerson,Skillman,"Tillman, Collier and Schiller",Paris 05,6853.27,22
Arlinda,Cloute,"Volkman, Leffler and Goldner",Letlhakeng,19383.33,23
Pierrette,Docwra,Powlowski-Runte,Jacutinga,15007.26,24
Myrtia,McConachie,Ferry-Jerde,Muararupit,30417.68,25
Matthias,Kirkbright,"Dooley, Collier and Nikolaus",Quintã,12013.88,26
Omar,Jeannet,"Christiansen, Mohr and Hauck",Ciudad del Este,8384.59,27
Corella,Bellini,Emard LLC,Sampaloc,29680.96,28
Arlana,Betham,"Wiza, Kreiger and Leuschke",Korczew,22022.80,29
Laryssa,Hovey,"Mann, Reichel and Leannon",Maoping,10551.51,30
Essa,Deaville,Paucek-Hammes,Veracruz,23747.12,31
Silva,Hanhardt,Hammes Group,Chambas,34330.22,32
Carroll,Shoosmith,Schulist Group,Potou,23230.67,33
Fitzgerald,Brydson,"Runolfsson, Kuhn and White",Samut Songkhram,16113.47,34
Shell,Prahm,Braun LLC,Rucava,31788.11,35
Lucienne,Cloke,"Muller, Grimes and Leannon",Postoloprty,22441.65,36
Mickie,Iddiens,"Prohaska, Wilkinson and Ernser",Lewo,7457.03,37
Sigrid,Carnier,"McCullough, Kreiger and Anderson",Ongi,7315.32,38
Mattheus,Edards,Dooley-Brekke,Mirocin,34930.32,39
Hersch,Gauler,"Hoeger, Wilkinson and Goldner",Motrico,13809.77,40
Brewer,Speke,Olson-Boyer,Venda Nova,5653.46,41
Pernell,Yousef,Cole-Hackett,Oslomej,15954.78,42
Adelaide,Loton,"Green, Hodkiewicz and Jast",Lendava,31056.18,43
Derek,Jahan,Ullrich-Douglas,Luxi,4734.49,44
Sig,Harpham,"Hegmann, Boyle and Larkin",Paseka,10360.04,45
Josselyn,Manntschke,Sanford LLC,Ţāqchah Khānah,3220.52,46
Bran,Tetford,"Ratke, Terry and Willms",Xujiaqiao,34712.37,47
Faustine,Size,Roob LLC,Fresno,17396.81,48
Chad,Fahey,Huel-Reichel,Hyżne,12890.81,49
Marketa,Cadreman,Marquardt-Schmitt,Zongga,7641.15,50
Gisella,Matelyunas,Denesik-Considine,Nantai,33503.59,51
Elka,Stains,Abshire-Gottlieb,Zagreb,20279.54,52
Rutherford,Ricco,Witting-Bednar,Antsiranana,23535.75,53
Jermain,Duckett,Nicolas LLC,Monte Aprazível,20280.25,54
Randene,Bugs,Krajcik Inc,Oliveira do Conde,6024.37,55
Loy,Marjoribanks,Hermann Group,Svirsk,27893.61,56
Huey,Montacute,"Bruen, Glover and Borer",Koshki,28788.86,57
Curr,Brannon,Greenfelder LLC,Nzeto,4087.72,58
Gene,Dundendale,Pacocha and Sons,Motala,25804.11,59
Alida,Noton,"Farrell, Shields and Reichel",Jinshan,14901.96,60
Friederike,Gladeche,"Dietrich, Nolan and Hammes",Mogocha,24657.58,61
Terry,Ovell,Frami-Upton,Zougang,12219.01,62
Marianne,Humbee,Mertz Inc,Skore,20120.48,63
Marley,Rolse,"Kautzer, Denesik and Kunze",Jinotepe,23775.49,64
Lissie,Guillard,Ondricka-Graham,Volta Redonda,24753.01,65
Gradey,Cattermoul,"DuBuque, Schuppe and Reilly",Ciawitali,25633.04,66
Giacopo,Ruggieri,Koelpin-Roob,Changzhi,11719.58,67
Isaak,Karel,Kertzmann-Thompson,Quisqueya,19364.29,68
Audre,Ovett,Lemke-Rohan,Cemara,6920.35,69
Vina,Christy,Feil and Sons,Chillán,12570.21,70
Natka,Beretta,Collins LLC,Stara Błotnica,30211.55,71
Cole,Lilie,"Tromp, Breitenberg and White",Paços,14684.37,72
Pavel,Ottawell,"Kunde, Kunze and O'Keefe",Phra Phrom,8538.34,73
Blondie,Surridge,Zboncak Inc,Shanjiao,9860.96,74
Elayne,Truelock,Abernathy-Moen,Ambato,11302.94,75
Adolphe,Milbourn,"Lemke, Deckow and Abernathy",Rancakuya,34582.17,76
Perceval,Peebles,Paucek-Harvey,Goulmima,28371.29,77
Waverley,Scourfield,"Sanford, Stroman and Schiller",Oudtshoorn,31291.87,78
Sherline,Carden,Dicki Inc,Osek nad Bečvou,7471.76,79
Alasteir,Lamshead,"Trantow, Halvorson and Runolfsdottir",Kinamayan,23240.66,80
Stanislaw,Bernhardi,Schamberger LLC,Lianxia,24758.53,81
Petey,Westmore,"Friesen, Halvorson and Koelpin",Zombo,29204.83,82
Blayne,Brigstock,"Lebsack, Rutherford and Stanton",San Pedro,16819.06,83
Gaultiero,McGarvie,Douglas-Okuneva,Sangat,17616.86,84
Steffen,Lorrie,"Walsh, Toy and Daugherty",Bragança,21011.61,85
Shepherd,Emmott,Davis Group,Riangwale,7383.57,86
Bidget,Ruprich,"Fisher, Corkery and Emard",Calabugao,8725.78,87
Skip,Matchitt,Ledner-Bernier,Barrosa,10428.11,88
Gael,Cowherd,Kessler-Gleichner,Umeå,15249.33,89
Kaile,Vesque,Kshlerin-Littel,Wangunsari,29657.24,90
Giffard,Jennrich,Weimann Group,Blumbang,22893.21,91
Neysa,Sinnatt,Muller LLC,Prado,31102.10,92
Pincas,Jiran,Deckow Group,Heydərabad,27853.17,93
Rustin,Mahaddy,Davis Inc,Kasonawejo,21994.11,94
Isabella,Mowson,Von and Sons,Peishe,3994.33,95
Minna,Stockoe,"Orn, Leffler and Wehner",Topi,28855.13,96
Shana,Crank,Schmidt-Cremin,Linqu,12572.22,97
Gar,Jobey,Gutmann LLC,Gujrāt,33981.80,98
Joey,Saipy,Abshire Inc,Cigadog Hilir,26509.04,99
Mildred,Cuskery,"Predovic, Wiegand and Reynolds",Miandrivazo,23122.14,100
Jolee,Brandli,Ryan-Christiansen,Arsen’yev,34484.05,101
Nancy,Gabbat,Kilback-Stokes,North York,25722.18,102
Gaston,Purviss,Satterfield-Kerluke,Malim,13035.87,103
Mignonne,Zimmermanns,Schmeler-Monahan,Gizałki,14981.91,104
Bendick,Berryman,Rempel LLC,Beiguoyuan,8158.05,105
Boote,Houston,Terry and Sons,Taphan Hin,18597.10,106
Beilul,Meigh,"Hartmann, Hudson and Jast",Barengkok Hilir,25920.92,107
Con,Bristowe,Schamberger and Sons,Liquan Chengguanzhen,7163.42,108
Tierney,Beckhouse,Hermann-Jacobi,Macia,12722.67,109
Darbee,Sempill,Armstrong-Spencer,Babao,32374.28,110
Alister,Oliphard,Grant Inc,Blois,7466.55,111
Artemus,Wattingham,Kirlin-Batz,Kumberg,1740.01,112
Welsh,Voase,Gleason Inc,General Conesa,2251.59,113
Alyda,Lequeux,"Considine, Hilll and Olson",Ipoh,21432.72,114
Raychel,Szwandt,"Mohr, Keebler and Schimmel",Detroit,33958.75,115
Beth,Leafe,Ondricka Group,Bohdalov,22969.73,116
Hubert,Romayn,"Heller, Schultz and Hintz",Baki,16904.47,117
Kearney,Bedburrow,Padberg-Stoltenberg,Aozou,14279.50,118
Petronille,Tidcombe,Luettgen-Marks,Taoyuan,1879.75,119
Ginevra,Gawthorpe,Morissette Group,Shofirkon,30023.87,120
Cyrus,Reitenbach,Bednar-Weimann,Bayt Līd,32110.37,121
Vonnie,Ziemsen,Hamill Inc,Hongxingqiao,21104.49,122
Doyle,Minnette,Schimmel-Mraz,Novhorodka,2731.19,123
Darbee,Spurett,Aufderhar-Sanford,Gorelki,14798.81,124
Edgar,Plampeyn,"Little, Dach and Armstrong",Erqu,20572.89,125
Dionisio,Paal,McDermott-Hand,Fada,33569.30,126
Magdalena,Bourrel,"Yundt, Mayert and Abbott",Majalengka,24045.50,127
Barbi,Blazynski,"Carroll, Adams and Schumm",Aranhas,28662.33,128
Gib,Aberdalgy,"Ortiz, Grant and Altenwerth",Pregradnaya,31325.39,129
Rozanne,Sissel,Stoltenberg-Cole,Nelazskoye,22558.70,130
Shelden,Parmenter,"Hayes, Dicki and Howell",Shuangxi,26074.10,131
Cicily,O'Driscole,Mosciski LLC,Horní Cerekev,31899.45,132
Drusy,Breheny,Kiehn-Hayes,Primošten,22391.98,133
Jessica,Pretley,Collins-Kilback,Port-Vila,10281.00,134
Gus,Lighton,Berge Inc,Tanabe,3394.10,135
Valentina,Ulster,"Johns, Bernier and Hudson",Madjeouéni,28685.20,136
Joy,Ryall,Crooks Group,Xingshou,31388.83,137
Raoul,Lambie,Jacobs Group,Kemiri Daya,3015.87,138
Zahara,Baggaley,Cremin-O'Reilly,Maguling,33359.43,139
Marcel,Andrichak,"Zboncak, Greenfelder and Bednar",El Charco,12051.39,140
Bobbe,Ivory,Graham LLC,Camp Diable,21708.33,141
Lilyan,Matura,Kshlerin-Batz,Paghmān,33982.69,142
Theressa,Schettini,Gutmann-Jacobi,Ponta Delgada,27120.80,143
Pavel,Richardes,"Murphy, Ruecker and Larkin",Sidenreng,6727.47,144
Nels,Cotgrave,Erdman LLC,Madagali,10034.87,145
Chico,Colleymore,Rempel and Sons,Kopychyntsi,2607.69,146
Christel,Kearton,"O'Kon, Halvorson and Parker",Maceda,28557.38,147
Ardine,Balcombe,Nienow Inc,Saint-Paul,8406.15,148
Cleopatra,Mingaud,Upton Group,Diang,30832.25,149
Nefen,Balhatchet,"Koelpin, Schulist and Heidenreich",Zhangaqorghan,28546.97,150
Salem,Symondson,Spencer LLC,Hässleholm,21467.66,151
Lance,Kidde,Herzog-Kling,Xiadian,4175.58,152
Dolph,Berzons,"Witting, Dibbert and Brekke",Annan,25995.20,153
Laryssa,Ching,Murphy-Little,Lago dos Rodrigues,15257.19,154
Tallia,Brunning,Grady-Dibbert,Buniaga,28506.68,155
Amalea,Joynes,Hettinger-Adams,Samacá,7464.88,156
Arlette,Teresi,Moore Group,Pulo,33977.19,157
Brantley,Whatsize,"Zulauf, Bednar and Hoeger",Sanxi,21058.23,158
Maximilianus,Jarrette,Hauck-Trantow,Stockholm,17921.56,159
Melvyn,Dealtry,Rempel Inc,Weihe,17286.67,160
Rosalinda,Tilsley,Tromp-Kautzer,Žandov,7326.99,161
Elyse,Curteis,"Frami, Bahringer and Willms",Olyshivka,5174.71,162
Cooper,Sleight,Fritsch Inc,Legen,24088.11,163
Leanor,Arkow,Jaskolski-Hessel,Reims,4622.96,164
Charil,Dreamer,"Jerde, Upton and Rice",Karangkancana,20444.70,165
Dag,Dumbellow,Kiehn Inc,Huangshan,14272.92,166
Kaye,Huggan,Grant LLC,Ystad,21414.09,167
Liliane,Blankman,"Deckow, Monahan and Stark",São Mateus,19189.62,168
Byrom,Story,Hamill Group,Dunkerque,4885.72,169
Tim,Heather,Boyle-Gutmann,Huangling,4427.84,170
Carrie,McIan,Barrows-Roob,Youyang,20382.00,171
Dunc,Blything,"Schaefer, Schmidt and Brekke",Xianxi,5756.09,172
Aileen,Aronstein,Langosh-Hackett,Pingshan,14816.36,173
Sosanna,Center,McDermott LLC,Pare,23122.58,174
Rik,But,"Wyman, Windler and Gulgowski",Jarinu,23011.38,175
Barrie,Chinnock,Murazik Inc,Amqui,5543.65,176
Selene,Legges,Stehr-Moore,Campos Novos,34146.55,177
Clair,Kaas,"Kessler, Schroeder and Little",Yashao,21389.69,178
Yancy,Gerdes,Predovic-Gleichner,Geneng Tengah,17260.42,179
Meryl,Garrioch,"Gutkowski, Waelchi and Hansen",Taoyao,3246.39,180
Fredra,Whichelow,Bogisich-Wisozk,Cool űrhajó,18426.29,181
Lurline,Debow,Hermiston-Oberbrunner,Privodino,31504.72,182
Erich,Alfonzo,Hand LLC,Talnakh,25507.01,183
Angelina,Brodeau,Goldner-Bailey,Palhoça,4383.89,184
Aland,Bamling,Shanahan and Sons,Pilcaniyeu,15371.60,185
Joly,Morpeth,"Volkman, Champlin and Hermiston",Fussa,26750.88,186
Gillie,De Haven,McKenzie-Effertz,Gabú,12111.56,187
Giovanni,Kelsow,Streich-Bradtke,Xiamayu,4727.09,188
Roobbie,Endley,Stiedemann-Terry,Racine,7956.83,189
Jobi,Abdey,Wiza and Sons,Peristerona,26456.82,190
Shawna,Finan,"Bauch, Klein and Kerluke",Cardal,22704.27,191
Reynold,Blundon,Cassin Group,Villeneuve-lès-Avignon,27347.71,192
Derek,Beeckx,Kautzer-Rice,Cortes,34850.13,193
Kris,Liles,"Farrell, Romaguera and Ortiz",Jiangkou,24502.28,194
Ody,Simondson,Mosciski-Stracke,Mineralnye Vody,6348.12,195
Conan,Thom,Weissnat LLC,Johor Bahru,16860.11,196
Boigie,Achromov,Strosin-Bogisich,Taypano,9787.39,197
Cyndi,Dobbin,Russel-Lind,Caticugan,20723.12,198
Cass,MacClinton,Robel Group,Göteborg,29345.26,199
Clim,Tomaszewicz,"Breitenberg, Kshlerin and Moore",Tucheng,34272.36,200
Amie,O'Hanley,"Ondricka, Hackett and White",Biliran,14289.69,201
Pacorro,Ritter,Bogisich-Marks,Puerto Nariño,6854.33,202
Marcello,Cockrem,Nienow and Sons,Haoba,14675.29,203
Reinhold,Pennycock,"Williamson, Hahn and Mosciski",Botou,20380.05,204
Bliss,Smitheram,"Donnelly, Bahringer and Wuckert",Guisser,31187.01,205
Janifer,Beavors,Gutmann-Emmerich,Jianfeng,28647.80,206
Reagen,Garfirth,Little Inc,Třinec,25758.24,207
Rolando,Inge,Ferry and Sons,Lidköping,23934.35,208
Christean,Gidman,Towne and Sons,Yueyang,4768.07,209
Rhody,Thorburn,Kirlin-Schneider,Pátmos,2983.93,210
Elliott,Zoren,"Cummerata, Grady and Kiehn",Salima,6880.06,211
Aluin,Van Velden,"Leannon, Gerhold and Mitchell",Koatas Lao,13881.53,212
Kylen,Lord,"Boyle, Buckridge and McClure",Alexandria,14194.33,213
Yasmeen,Hryncewicz,"Lockman, Kiehn and Schoen",Rymättylä,15785.32,214
Christoph,Baumaier,Dach-Feest,Punggurharjo,9794.73,215
Michal,Spottiswoode,Harvey Inc,Qingfeng,33355.78,216
Ludvig,Kirkbride,Barrows-Auer,Estancia,28888.48,217
Hilton,Seebert,Kozey and Sons,Ust’-Uda,4386.16,218
Mychal,Lavery,"Baumbach, Wunsch and Kling",Liudaogou,14669.76,219
Rube,Duffield,Adams and Sons,Ngluweng Dua,3882.42,220
Steve,Northage,Waelchi-Stroman,Hengyang,28903.71,221
Fiona,Temby,Hintz Inc,Almoínhas Velhas,7841.73,222
Anne-marie,Pinhorn,"Sporer, Skiles and Conroy",Zhouzai,3818.04,223
Edyth,Bluett,Vandervort LLC,Barengkok,21263.67,224
Sarette,Pedel,"Friesen, Paucek and Prohaska",Ingeniero Guillermo N. Juárez,9424.59,225
Guntar,Roderick,Larkin-Wisozk,Cihaladan,6953.45,226
Cathrine,Duchesne,Fritsch Group,Adzopé,7675.35,227
Mahmud,Pesek,White-Marks,Cerro Punta,12291.24,228
Berti,Merwood,Mayer LLC,Shah Alam,24228.19,229
Cindra,Trevaskus,Schowalter-Sawayn,Huyuan,30083.46,230
Claire,Fallis,"King, Fadel and Batz",Xibing,23337.34,231
Georges,Moyle,"Jacobi, Fahey and Greenholt",Voskehask,12699.40,232
Jeannette,Alderwick,Skiles-Gerlach,Micheng,24113.48,233
Cammie,Dittson,Tillman-Langosh,Póvoa do Valado,4548.55,234
Johanna,Fortie,Franecki Inc,Bojongsari,19667.42,235
Cati,Wogan,Herman-Stroman,Monroe,24342.67,236
Wilhelm,Megarry,Walter LLC,Barcarena,32737.73,237
Ulla,Aistrop,"Fay, Conroy and Bergstrom",Al Maḩfid,11587.97,238
Cirillo,Fernandez,Adams LLC,Logung,11524.72,239
Jonis,Denkel,"Zboncak, Bashirian and Adams",Tomilino,9133.45,240
Denice,Wenban,Rodriguez-Strosin,Lamía,14881.45,241
Dom,Pottle,Pfeffer-Daniel,El Plan,2453.96,242
Dayle,Bartlomieczak,"Raynor, Fay and Becker",Shirahamachō-usazakiminami,28244.96,243
Anstice,Bohea,Heidenreich-Borer,Sobotín,30526.39,244
Noam,Blaschek,"McDermott, Langosh and West",Cimenga,27628.71,245
Freemon,Aldcorne,Upton-Lubowitz,Banjarsari,29860.95,246
Mimi,Deware,Sauer-Friesen,Buchach,16447.39,247
Suzann,Womersley,Graham Inc,Sydney,10302.09,248
Sonnie,Fison,Maggio Group,Tempeh Tengah,13030.45,249
Ginelle,Nasi,"Sanford, Pouros and Smith",Dejen,8206.09,250
Karl,Grumble,Boehm-Will,Taifu,24716.52,251
Justinn,Colqueran,Lueilwitz Inc,Fort Wayne,12856.12,252
Fredia,Poulter,Mills LLC,Maoping,24106.34,253
Donnell,Landis,Cronin-Mohr,Werbkowice,13722.17,254
Analise,Hulburd,Bailey Group,Pavlodar,17304.05,255
Morgana,Wallach,"Reilly, Johnson and Pouros",Bandar Pusat Jengka,24504.57,256
Trish,Falla,Bernhard LLC,Berck,7833.72,257
Auria,Dullard,Moore Inc,Želiv,18890.71,258
Moore,Mumberson,Durgan-Mann,Manzini,25926.56,259
Dale,Reinbach,"Yost, Schowalter and Hickle",Pyongyang,24758.64,260
Harrison,Gosz,"Morissette, Blick and Ryan",Valdosta,26342.07,261
Siward,Flatt,Lowe-Morissette,De la Paz,16379.30,262
Elisha,Franzotto,Hamill LLC,Rukunlima Bawah,28892.30,263
Brynn,Mattioli,"McClure, Anderson and Nicolas",København,9735.35,264
Star,Baldrick,Walter and Sons,Wonopringgo,16546.70,265
Juliet,Monteath,"Boehm, Gutmann and Bednar",Algarrobo,17686.49,266
Christoffer,Matovic,Simonis and Sons,Nzérékoré,4604.10,267
Eloise,Weathey,Koss-Williamson,Krajan Dua Padomasan,34022.32,268
Shannah,Durram,Veum-Little,Sipirok,10017.93,269
Jen,Godbold,Bernhard-Dare,Gaojia,20466.60,270
Ursala,Ivasyushkin,Collins and Sons,Manukaka,19357.63,271
Ellie,Abramow,Lowe LLC,Lakeland,14188.06,272
Marketa,Atter,Labadie-Swift,Kalungu,22669.79,273
Georgiana,Lettuce,Ortiz-Corkery,Xiqiao,27106.42,274
Gerianne,Humfrey,Lubowitz Group,Bojawa,5541.82,275
Maxwell,Bruff,Bashirian LLC,Đạ Tẻh,24020.07,276
Daniella,Carnachen,Lindgren-Buckridge,Seulimeum,33906.66,277
Willard,Brewins,"Daugherty, Wyman and Boehm",Riachos,12652.76,278
Shannen,Nabarro,"Schowalter, Pfeffer and Huel",Bagratashen,29910.57,279
Orson,Schimann,Dietrich LLC,Maskinongé,31665.20,280
Hadria,Bungey,Krajcik-Lueilwitz,Rio Meão,7105.23,281
Hadrian,Tottman,"Bechtelar, Ortiz and Sporer",‘Irbīn,15361.20,282
Hamel,Bohje,"Breitenberg, Kuvalis and Lemke",Piątnica,4055.06,283
Reinhold,Teese,Abbott Inc,Río,19095.47,284
Malena,Cossey,Wehner-Legros,Kasakh,9957.47,285
Rachael,Anfusso,Schiller Group,Jiantang,23256.18,286
Sherman,Marchelli,"Friesen, Shanahan and Konopelski",Kutasari,30514.42,287
Bealle,Passmore,Kunze-Beahan,Boli,3074.46,288
Noland,Folan,Pfannerstill and Sons,Kara,16621.61,289
Kristoforo,Handke,O'Conner-Gulgowski,Driefontein,24560.51,290
Joyous,Mapston,Leannon and Sons,Lanús,29180.20,291
Elana,Eldredge,Paucek and Sons,San Cristobal,12274.02,292
Melosa,Irwin,Stokes Group,Kivertsi,3192.90,293
Vinnie,Muzzall,Jacobi-Schneider,Sa'dah,6373.08,294
Antonetta,Surgey,Becker-Stanton,Ar Rifā‘,13089.27,295
Ebenezer,Pallis,Baumbach and Sons,Lučko,13829.00,296
Chiquita,Waszkiewicz,Ernser-Jenkins,Furukawa,20381.67,297
Sunny,Tapp,Kutch-Quitzon,Chengcun,3483.87,298
Aurthur,Gruszecki,Hoeger-Schmitt,Paloh,33578.26,299
Derrek,Corris,Swaniawski and Sons,Sarkanjut,29258.54,300
Kala,Dymond,Prosacco Inc,High Prairie,19926.95,301
Mureil,Escoffrey,"Donnelly, Murphy and Pouros",Kuala Lumpur,7288.88,302
Kit,Immins,Renner LLC,Sridadi,26395.76,303
Earle,Furman,Howe Inc,Kangin,10433.00,304
Ellette,Wingeatt,Haley-Casper,Fenais da Luz,20583.06,305
Esme,Piffe,Keeling-Mitchell,Vranje,18287.96,306
Alvan,Weatherup,"Bartoletti, Mann and Hickle",Krueng Luak,13651.21,307
Alexine,Regus,Von and Sons,Anilao,10331.49,308
Lois,Arthan,Kuhlman LLC,Al Qanāwiş,15677.09,309
Tris,Spelling,Moore LLC,Mazowe,15477.26,310
Kim,Sylvester,Carter-Mohr,Kurmuk,22611.44,311
Reine,Ivantsov,Hammes and Sons,Águas de Lindóia,5342.44,312
Latia,Dumbrall,Bauch-Thiel,Balesari,24555.11,313
Rennie,Klyner,"Gibson, Klein and Robel",Capalonga,28724.00,314
Sena,Carbine,"Thiel, Zboncak and Donnelly",Kameda-honchō,3613.85,315
Candra,Hendricks,"Kautzer, Moen and Gulgowski",Suohe,26548.59,316
Melodie,Louw,"Rice, Stracke and Ferry",Suban,26330.10,317
Berny,MacCracken,Prohaska-Keeling,Dagua,17844.68,318
Morissa,Golborne,Cole-Larkin,Jabłonica Polska,10119.26,319
Isabeau,Cuttin,Mitchell-Little,Boulaouane,11861.81,320
Marya,Langstone,Flatley-Robel,Lâm Thao,33207.93,321
Sarah,Orgee,Koch Inc,Uzhhorod,25889.79,322
Judon,Engeham,"Upton, Heaney and King",Río,34095.42,323
Crichton,Scones,Schiller-Koelpin,Yirshi,17183.28,324
Faydra,Trevaskiss,Spinka and Sons,Juhaynah,30708.01,325
Kare,Methuen,Bins-Schoen,Bringinanom,19812.54,326
Gilbertina,Teodoro,Ebert Group,Huotian,31836.78,327
Norry,Dearness,"Wolf, Rodriguez and Walker",Крушопек,3299.77,328
Sharl,Semple,"Bayer, Bernier and Schaden",Ibaan,8092.50,329
Ddene,MacLennan,Bode Inc,Luar,3887.67,330
Dal,Cousin,"Donnelly, Stokes and Torphy",Ouro Preto do Oeste,3617.34,331
Faith,Aseef,Yost-Kshlerin,Chengzhong,2236.45,332
Ianthe,Blazic,Bartoletti and Sons,Tirmiz,11683.39,333
Maudie,Supple,Hyatt-Johnson,Lajinha,3585.92,334
Herman,Skyner,Okuneva Inc,Al ‘Aqabah,14085.80,335
Leola,Gladdis,"Bogan, Fritsch and Rippin",Kon Tum,7931.75,336
Thia,Cubley,Wunsch-Tremblay,Vila do Bispo,5210.81,337
Donaugh,MacTimpany,Renner-Lueilwitz,Gondanglegi Wetan,20215.35,338
Janel,Bunten,"Corkery, Kub and Kautzer",Vatutino,5129.64,339
Aurore,Garlette,Abshire-Schulist,Aqsū,3285.21,340
Armando,Barry,"Schamberger, Pagac and Daniel",Guangshun,14968.24,341
Alexander,McKeever,Prohaska and Sons,Padamulya,11587.72,342
Brigit,MacLeese,Hoppe-Stanton,Sauce,6647.67,343
Blondell,O'Gready,"Friesen, Mosciski and Fahey",Pampas,4241.71,344
Harlie,Storrar,Jerde LLC,Fujioka,4649.58,345
Abby,Goslin,"Beahan, Schumm and Rempel",Guluoshan,33138.68,346
Brynne,Tuckett,"Wilkinson, Little and Lind",Brinje,20286.65,347
Ric,McCrostie,Ondricka-Wunsch,San Isidro,9942.25,348
Devland,Jorgesen,Gibson LLC,Przywidz,5013.28,349
Derby,Chatters,Bode-Murray,Pittsburgh,1829.79,350
Lenee,Pleaden,Miller Group,Moses,23909.21,351
Gloria,Gresley,Heathcote-Graham,Grajaú,2271.34,352
Godfree,Ahrend,Ernser Group,Ma Đa Gui,27157.60,353
Beaufort,Rumsby,Harber-Harris,Rueil-Malmaison,23365.18,354
Quintana,Shillan,"Frami, Dietrich and Runolfsson",Longtanping,7795.17,355
Kit,Skpsey,"O'Reilly, Haley and Pacocha",Charlotte,4280.49,356
Elaina,Candey,Miller Inc,Feikeng,33409.30,357
Allyson,Trewett,"Nader, Macejkovic and Lebsack",Gandusari,8157.82,358
Isacco,Clearie,McClure Inc,Paihia,18453.25,359
Costa,Askin,McCullough-Krajcik,Guaraciaba do Norte,33795.40,360
Kara,Bugler,Ritchie LLC,Chenfang,10901.03,361
Katherina,Polly,Bradtke-Hettinger,Chuanxi,23335.11,362
Sylas,Masters,"Waelchi, Brakus and Larson",Lamadong,10775.07,363
Izzy,Harriagn,"Corwin, Block and Flatley",Várzea,4899.84,364
Faustine,Pieracci,"Willms, Pfeffer and Ritchie",Lagodekhi,8660.51,365
Shep,Krook,"Haley, Braun and Quitzon",São Miguel do Rio Torto,25926.04,366
Sharai,Geggie,Herzog Inc,Jelbuk,34111.15,367
Gustie,Middiff,Graham-Klocko,Vónitsa,33677.74,368
Matthaeus,Garnall,"Dickens, Murphy and Krajcik",Ninh Giang,27320.28,369
Christie,Spratt,"Schamberger, Oberbrunner and Bradtke",Trŭn,30076.89,370
Mack,McQuade,Jacobs-Kulas,Llanera,11263.44,371
Mattie,Attwell,D'Amore-Schoen,Capitán Bado,3627.30,372
Minda,Shillom,Boehm LLC,Carrascal,17381.85,373
Gena,Colmer,Hickle-Okuneva,Guadalupe,32953.20,374
Jarrad,Dybald,"Swaniawski, Bashirian and Walter",Reutlingen,3021.27,375
Dwight,Grugerr,Gaylord LLC,Bordeaux,22924.61,376
Corey,MacAvaddy,"Hoeger, Collins and Jacobs",Landerneau,15336.63,377
Rene,Hammerberger,Bradtke-D'Amore,Pasar Kidul,22264.06,378
Hercule,Kell,"Hyatt, Heaney and Cormier",Karbinci,19544.06,379
Ardelis,Bunhill,"Witting, Greenholt and Turcotte",Leme,16715.45,380
Allx,Troughton,Johns LLC,Sanxi,19588.73,381
Cornell,Osgar,"Grady, Ortiz and Nitzsche",Ghouazi,10704.50,382
Tim,Duckerin,Rippin-Renner,Kolpashevo,31735.36,383
Cad,Omrod,"Schinner, Streich and Buckridge",Mahébourg,5178.71,384
Jyoti,Jelleman,Ebert-Graham,Lumbangan,27330.28,385
Arlee,Quernel,Durgan Group,Huashixia,14626.24,386
La verne,Prattington,Olson and Sons,Gąbin,27892.56,387
Benjamen,Dewitt,Gleichner Group,Corujeira,7782.84,388
Erwin,Szymaniak,Denesik-Beatty,Cajuru,29939.79,389
Stacie,Macconachy,"Monahan, Lemke and Streich",Pitkyaranta,11375.00,390
Malvina,Foxley,"Frami, Toy and McKenzie",Pujijie,28494.11,391
Rooney,Petrovykh,"Kunze, Kris and Predovic",Lidingö,34050.25,392
Reinaldo,Trammel,Abernathy-Cruickshank,Huwei,13580.45,393
Henka,Willis,"Stanton, Padberg and Murphy",Tenja,31426.74,394
Loutitia,Kinver,Ruecker and Sons,Piątnica,8357.94,395
Leona,Lancett,"Ruecker, Crona and Rowe",Ilha Solteira,16923.16,396
Trefor,Sandlin,Donnelly LLC,Ina,13390.81,397
Scarface,MacCombe,Erdman and Sons,Derjan,27530.72,398
Concordia,Brandli,Konopelski LLC,Mayskiy,18777.10,399
Lauralee,Goozee,"Carroll, Heaney and Senger",Lins,34892.78,400
Dyanna,Rohfsen,Sporer-Kohler,Jāti,1811.36,401
Jaquenetta,Roome,"Stiedemann, Rowe and Osinski",Mahuta,24066.76,402
Fairleigh,Cardall,Johnston-Cruickshank,Blendis,21970.08,403
Niven,Hallibone,"Metz, Dickinson and Hammes",Sukatani,20564.19,404
Tamarra,Jovicevic,McClure-Hintz,Hoktember,17395.86,405
Keane,Quaife,Will LLC,Guinabsan,6832.37,406
Alys,Pigot,"Kunde, Keebler and Glover",Nancy,10697.23,407
Rosalyn,Slane,Bradtke and Sons,Duitama,6002.52,408
Abeu,Yurtsev,Pollich-Renner,Moyo,32831.05,409
Kenon,Milbank,Jast LLC,Gouyan,3476.63,410
Eryn,Rolfo,Weimann-Haag,Sugiharjo,28437.75,411
Marita,Greenhow,VonRueden-Huels,Ampanihy,1640.44,412
Rory,Brokenshire,"Tromp, Thiel and Swaniawski",Denver,22891.20,413
Stormie,Cullinane,Goodwin-Barton,Yeliguan,19458.36,414
Kynthia,Rushmere,Hills-Connelly,Cruz,19728.78,415
Carolan,Alphonso,"Schaden, Hilpert and Willms",Hobart,4260.92,416
Aimee,Bendare,"Leffler, Heathcote and Pfannerstill",Xiugu,23550.45,417
Peter,Vickery,Gottlieb Group,Dulag,12885.41,418
Milicent,Bastone,Schuppe and Sons,Akriní,1857.35,419
Sherri,Pawelski,"Rowe, Davis and Metz",Gourcy,20455.43,420
Jessamyn,Servis,Stehr LLC,Jantake,18507.77,421
Adelle,Hayler,"Price, Oberbrunner and Fisher",Pelem,24037.98,422
Elfie,Cowdroy,Aufderhar and Sons,Tamorot,23928.19,423
Grayce,Ekins,"Ritchie, Hayes and Jast",Machang,19249.62,424
Blane,Van De Cappelle,Fahey-MacGyver,Seria,27147.69,425
Flinn,Muckart,Mraz-Collier,Penanggungan,8404.06,426
Cassy,Seagrave,Mayer Inc,Miyako,11570.28,427
Umeko,Donalson,Schaden Inc,Det Udom,7454.09,428
Annadiane,Aupol,"Keebler, Trantow and Quigley",Ar Rawḑah,11743.84,429
Jermaine,Tevlin,Crooks-Roberts,Libu,24919.30,430
Catlaina,Crummy,Schneider LLC,Rönninge,5820.55,431
Martino,Pellant,Schmitt-Blick,Karanggedang,19475.23,432
Gherardo,Olden,Langosh-Stroman,Tōbetsu,21394.74,433
Kaia,Simone,"Jones, Douglas and Spinka",Dubăsari,18594.03,434
Sayres,Gianninotti,Altenwerth Inc,Oeleon,4439.57,435
Lianne,Pigrome,"Klocko, Spencer and Ratke",Louisville,26325.49,436
Ephrayim,Tedridge,"Wintheiser, Hirthe and Wintheiser",Sibulan,28850.02,437
Walden,Dulwitch,Schinner-Kuhic,Nong Yasai,17298.38,438
Gayla,Deboick,"Wilderman, Aufderhar and Monahan",Avlónas,17956.32,439
Kiele,Urlich,Conroy-Walter,Cartagena,15323.43,440
Elisha,Jevon,Bode-Fadel,Al Fuwayliq,9416.45,441
Gilberta,Postance,Altenwerth Group,Huyang,20396.82,442
Flynn,Robardet,Welch-Deckow,Fuxin,34189.87,443
Hillyer,Palphreyman,Nienow-Treutel,Pawonków,4778.02,444
Heidi,Aindrais,VonRueden-Hackett,Rechitsy,14261.24,445
Jock,Barhem,"Schamberger, Balistreri and Durgan",Huangzhuang,11082.08,446
Tonye,Rickman,Deckow Group,Zākhū,31562.88,447
Mariquilla,Artiss,"Kuhic, Green and Wyman",Belūsovka,1734.90,448
Irma,Bruggen,Aufderhar Inc,Budapest,12799.35,449
Antonella,Hamlen,Huels and Sons,Las Tunas,14473.34,450
Jamie,Lazer,"Rohan, Bernhard and Olson",Araçuaí,34266.31,451
Trenton,Winders,Hoppe and Sons,Calvário,15979.27,452
Harli,Whitecross,Kiehn Group,Basiong,19876.53,453
Stavro,Dionisi,Welch-Brown,Kalemie,21178.64,454
Aura,De Cristoforo,Dibbert-Reilly,Tambakmerak,2597.46,455
Zak,Merwe,Hodkiewicz-Kuhn,Wufu,29916.70,456
Atlante,Causer,Dooley-Weimann,Covão da Carvalha,5706.81,457
Allianora,Camlin,"Huel, Bode and O'Connell",Barrancas,7850.26,458
Antonin,Sowman,Skiles and Sons,Los Juríes,10212.79,459
Clayborn,Gleasane,Dickens LLC,Ituberá,3035.43,460
Rozanna,Dacombe,Friesen LLC,Tanahmerah,27047.19,461
Samaria,Ganley,"Kuphal, Orn and Buckridge",Cheban,23637.47,462
Datha,Bertin,O'Keefe Group,Axili,30374.02,463
My,Cator,Zieme Inc,Sittwe,25472.40,464
Arie,Coster,"Harvey, Gerhold and Weissnat",Zhengmo,15025.29,465
Buck,Pullinger,"Mraz, Gottlieb and Mayer",Ekenäs,8716.62,466
Annadiane,Wipfler,"Schowalter, Gleichner and Jaskolski",Nkpor,12806.04,467
Aeriell,Satterly,"Bailey, Windler and Williamson",Petaling Jaya,22915.60,468
Rosalia,Eastcott,Sipes LLC,Matlang,33480.60,469
Ali,Crowter,Jacobson and Sons,Mananara,30407.62,470
Desi,Hartell,"Hickle, Berge and Balistreri",Lazaro Cardenas,5923.81,471
Andreana,Guinery,"Corwin, Howell and Ryan",Lena,24044.96,472
Feliks,Ofer,"Herzog, Johns and Turcotte",Banggel,19490.42,473
Tootsie,Sarson,Rosenbaum Group,Bayrachky,30029.12,474
Kevyn,Enders,Kessler and Sons,Colquemarca,8729.50,475
Sigvard,Jaan,"Maggio, Hoeger and Mitchell",Guli,24220.25,476
Eben,Morby,Hahn Group,Qiqin,10274.06,477
Dewie,Tinline,"Ryan, Fritsch and Cormier",Mahdia,13652.76,478
Ethe,Allsup,Stroman-Beer,Saripin,1658.21,479
Reta,Lambertz,Tromp LLC,Zhelin,7907.87,480
Lorine,Brokenshaw,"Marvin, Haag and McGlynn",Chão de Couce,25516.12,481
Ursulina,Hustings,Mosciski-Wolf,Viso,5325.04,482
Lanny,Tenney,Bartell-Sanford,Tengah,19509.80,483
Galven,Darch,Rogahn LLC,Yancheng,32770.46,484
Gunilla,Bittlestone,"Rohan, Steuber and Smitham",Tekik Wetan,33450.27,485
Faina,Martt,"Abernathy, Stamm and Reinger",Uddevalla,6545.99,486
Cherianne,Ireland,"Stamm, Gusikowski and Hahn",Libei,31903.88,487
Ignace,Poppleston,"Senger, Bauch and Rice",Litian,31302.54,488
Saleem,Angrove,"Miller, Walsh and Rice",Tiel,16201.94,489
Vanessa,Lynes,"Dicki, Ullrich and Balistreri",Malhiao,29829.50,490
Jacinthe,Dany,Mayer Inc,Balesari,1568.91,491
Ursula,Mumbray,Sipes Group,Gapuk,7038.20,492
Thorin,Pinxton,"Prosacco, Mitchell and Walsh",Estique,33933.14,493
Clarie,Santus,"Kshlerin, Bednar and Casper",Normandin,32478.14,494
Jo,Trowl,Tremblay-Roob,Ejmiatsin,30308.34,495
Gawain,Lowin,"Armstrong, Berge and Jenkins",Älvsbyn,20522.75,496
Jewel,Canet,Murray LLC,Borås,22681.48,497
Rodina,Lamyman,"Schaden, Reichert and Rau",Ouro Branco,5747.22,498
Bernie,Shambroke,"Wolff, Nolan and Reilly",Vondrozo,25680.12,499
Quillan,Officer,Feil-Goldner,Hāgere Selam,7398.02,500
Brewer,Ewins,Kuhic-Olson,Altamira,14341.19,501
Brian,Seaborne,McCullough Group,Bilajari,15274.39,502
Pegeen,Aslet,"Stoltenberg, Waters and Toy",Genova,15088.17,503
Pauly,McCutheon,"Kuhic, Rodriguez and Emmerich",Jatipamor,12868.62,504
Garland,Ramel,Dooley-Kohler,Daixi,10459.08,505
Ashlin,Kervin,Christiansen LLC,Nóvita,21312.67,506
Shaine,Winram,"Bartoletti, Kihn and Walker",San Marcos,7250.35,507
Wendie,Gatherer,"Klocko, Littel and Jones",Rustenburg,29177.78,508
Sanson,Cancutt,Ernser LLC,Matadi,25145.75,509
Buddie,Stockoe,Kertzmann-Botsford,Huajie,15462.18,510
Nelly,Duplain,Jaskolski LLC,Al Jawf,10821.54,511
Krishna,Pesticcio,Hauck-Dickinson,Liaodian,12024.98,512
Alexis,Clapperton,DuBuque-Dicki,Didi Lilo,33656.97,513
Raul,Pridmore,Homenick-Bernier,Mairinque,29034.51,514
Gabrila,Hannaford,Hoppe Group,Changmaoling,33351.30,515
Sonya,Trinder,Schultz LLC,Songgang-dong,32904.73,516
Luther,Lackie,Weissnat-Bosco,Baikui,31673.07,517
Katrine,Forsyde,"Cole, Heidenreich and Sawayn",Cruz Alta,18757.24,518
Pavlov,Knappett,"Farrell, Hartmann and Quitzon",Belyy Yar,5613.29,519
Amity,Jeffs,Buckridge and Sons,Tieremu,7572.79,520
Pedro,Windebank,Kuphal LLC,Bangelan,3953.52,521
Sheri,Dary,Corkery LLC,Choya,33689.31,522
Aubry,Cain,"Fritsch, Buckridge and Leffler",Cúa,15283.24,523
Herbert,Chesters,Kuhn Group,Kwidzyn,21406.89,524
Jeanine,Trusty,"Heidenreich, Monahan and Schowalter",Imbituba,34817.76,525
Barbe,O'Hare,"Conn, Funk and Rempel",Gastello,13266.59,526
Willabella,Krochmann,Hamill-McGlynn,Valencia,6422.63,527
Kristine,Heinish,Lemke-Bashirian,Yuxi,26805.14,528
Jennilee,McWhin,Pagac-Spinka,Santos,5293.03,529
Corrie,Fonteyne,Carter-Simonis,Tân Kỳ,7409.68,530
Chance,Crocetto,Effertz-Schmitt,Waingapu,33683.67,531
Thaddus,Verbrugghen,"Hegmann, Rau and Smith",Kuala Lumpur,32795.38,532
Gustave,Fairburn,Blick Inc,Feuknoni,10687.22,533
Bobbe,Nibley,Carter and Sons,Paso de Carrasco,15695.10,534
Seamus,Maseres,Prosacco-Koelpin,Ica,11867.93,535
Amil,Ainge,Conroy Inc,Póvoa,22543.46,536
Andreana,Wermerling,Bernhard LLC,Río Guayabal de Yateras,27179.24,537
Gayla,Schultes,Conn LLC,Purwa,19319.27,538
Mahmoud,Friar,Willms LLC,Isnos,33941.12,539
Rebeca,Morfey,Ankunding-Aufderhar,Abomsa,25680.39,540
Shelbi,Ladley,Gottlieb-Stamm,Lagoa Seca,17044.45,541
Sonnie,Rabbet,"Gleichner, Ebert and Hilll",Nyala,13224.97,542
Karlen,Roylance,"Lindgren, Murphy and Hoppe",Tanjungkerta,23655.84,543
Thacher,Dunphy,Dickens-Lind,San Diego,26759.15,544
Josephine,Probey,Walter Inc,Haicheng,20462.71,545
Karalynn,McShee,Moore-Ziemann,Yashalta,23979.03,546
Bobina,Chappelle,Batz-McKenzie,Hongjiang,28761.96,547
Nolie,Hamlyn,"Watsica, Heller and Kuhn",Huizhai,7107.17,548
Donia,Fardoe,Hintz Group,Austin,24890.00,549
Charleen,Kemmer,"Brekke, Schuppe and Runolfsdottir",Shiroishi,34617.15,550
Bobette,Smewing,Cruickshank-Franecki,José Bonifácio,33795.24,551
Noreen,Tucknutt,Senger-Hettinger,Unquillo,4744.48,552
Neilla,Isaksson,"Dibbert, Miller and Cummings",Muhoroni,3478.82,553
Alexandros,Spykings,Stoltenberg-Walter,Feicheng,31893.85,554
Dominique,Singyard,"Howell, Collier and King",Ajdabiya,15509.20,555
Gothart,Tufts,Goyette-Walter,Tomohon,22001.94,556
Blaine,Lagen,Boyle-Kuhlman,Rahayu,9680.64,557
Sutherland,Collingworth,Kerluke-Lindgren,Perfilovo,17201.13,558
Eilis,Maliffe,Schulist Inc,Lingkou,32170.79,559
Erhart,Posnette,"Schmitt, Krajcik and Metz",Timaru,12580.75,560
Jefferson,Yedall,"Medhurst, Stiedemann and Hills",Yizhivtsi,33022.42,561
Burr,Paddon,"Hodkiewicz, Gutkowski and DuBuque",Carcavelos,15119.24,562
Enos,Le Port,"Stark, Emard and Olson",Coronel Belisle,18556.06,563
Guilbert,Seamarke,Altenwerth and Sons,Höganäs,15309.63,564
Oneida,Dreus,Schinner and Sons,Boskovice,13563.49,565
Dru,Aubert,Anderson LLC,Wenquan,24856.68,566
Emelia,Dombrell,Blick-Lesch,Demyansk,11703.90,567
Armstrong,Blaydon,"Roob, Renner and Schumm",Xia’ertai,17133.17,568
Krishna,Constantinou,"Dibbert, Beatty and Rau",Lucaya,25611.08,569
Lil,Shoemark,"Koss, Mitchell and Roob",Koga,11668.05,570
Clo,Starking,Erdman Group,Liaonan,26361.73,571
Michale,Noads,Rohan and Sons,Linköping,22870.72,572
Calypso,Rack,Heaney and Sons,Jiaze,20046.27,573
Remington,Marryatt,"Johnson, Huels and Hoeger",P’asanauri,32692.93,574
Frazer,Mauchlen,Farrell-Durgan,Cisarap,22883.16,575
Hetty,Ledingham,"Homenick, Reilly and Renner",Melbourne,32236.06,576
Heath,Gowthorpe,Frami and Sons,Santa Cruz,29473.97,577
Marje,Yoselevitch,"Brown, Zboncak and Kuhic",Jinxiang,9048.09,578
Virgie,Hrachovec,Shanahan Inc,Quixadá,33594.72,579
Cherida,Hazart,Braun-Rath,Vila Chã do Monte,15644.04,580
Cassius,Thornton,Parker Group,Yangdu,15473.13,581
Adolphe,Rolfs,Ondricka LLC,Birigui,21466.40,582
Brianne,Christopher,Bogan LLC,Tandahimba,3091.61,583
Sunshine,Lyles,MacGyver Group,Mae Wang,5222.27,584
Romain,Dalgleish,Feeney Inc,Niedźwiada,7136.98,585
Wally,Domingues,Crona-Waelchi,Veselí nad Lužnicí,34728.70,586
Cyrus,Coaten,"Turcotte, Cruickshank and Wisozk",Baiquan,27948.42,587
Aggi,Chettle,Cormier Group,Cigaleuh Kulon,31017.79,588
Kenon,Gaine,Mills Inc,Shixi,2293.66,589
Ajay,Leal,"Crist, Kassulke and Heller",Shuibian,2576.18,590
Verina,Faircliff,Pacocha-Walsh,Pontivy,17771.45,591
Darrick,Coleridge,"Conroy, Olson and Hartmann",Rychwał,25915.43,592
Willem,Whayman,Hartmann-Schulist,Gengqing,13169.32,593
Patin,Bernardinelli,"Reichert, Konopelski and Erdman",Xinglong,8209.17,594
Desdemona,Pittman,"Hettinger, Dibbert and Mayer",Quilmaná,31285.79,595
Bartie,Riding,Cole Group,Faaone,19728.90,596
Nixie,Waddy,"Glover, King and Wuckert",Dundrum,24186.17,597
Fiona,Risby,Dare LLC,Mukdahan,2783.27,598
Fidela,Halgarth,Greenfelder Inc,Choca do Mar,20184.12,599
Desmond,Rannald,"Boyer, Crist and Ward",Tomaševac,12915.06,600
Candida,Delaney,"Morissette, Kunde and Lang",Vale de Figueira,10543.05,601
Tammara,Tuther,Wolf and Sons,Miracema,19541.96,602
Reginauld,Dawidsohn,O'Hara-Boehm,Cinangsih Satu,3138.04,603
Celeste,Sea,"Lockman, Batz and Reichert",Pingtan,17683.09,604
Bartlet,Dekeyser,Fay Inc,Kayangel,19218.32,605
Maisie,Theakston,"Baumbach, Koepp and Rogahn",Sobreira,11491.25,606
Melisandra,Poutress,Goyette Group,Gardanne,31451.26,607
Benjie,Cruikshank,O'Reilly-Schuppe,Lyasny,2189.14,608
Sergei,Ambage,Cummings Inc,Kuangyuan,28015.48,609
Ardeen,Marion,"Farrell, Dibbert and Mills",Angers,34861.60,610
Dulcine,Cuningham,"Davis, Zulauf and Kertzmann",Leran Kulon,15309.52,611
Welby,Edwardes,Hackett-Murray,Hulyaypole,22213.72,612
Alexandra,Munford,Dare-Streich,Kraslice,32777.93,613
Zak,Dorsey,"Hegmann, Durgan and Satterfield",Lodan Wetan,1512.35,614
Tracie,Virgin,"Rutherford, Hahn and Jast",Isniq,11017.08,615
Locke,de la Valette Parisot,"Hauck, Dibbert and Yost",Maradi,32151.60,616
Jeremias,Baseggio,"Mante, Aufderhar and Robel",Ell,27708.32,617
Diana,Tibald,Lemke Inc,Baranoa,28820.01,618
Yale,Hearnaman,Schoen Inc,Almeirim,4440.05,619
Ruthe,Dresse,Hudson-Rippin,Nijemci,14165.77,620
Brianna,Tomaszkiewicz,"Schiller, Jerde and Mitchell",Pangu,18593.21,621
Percy,Bossom,Koepp Group,Tacoma,4126.12,622
Skip,Etty,Hettinger Group,Paris 10,12565.47,623
Vaughn,Larmour,"Reichert, Cummerata and Moore",Judaydah,17505.48,624
Mariette,Carillo,Heidenreich Inc,Vanino,10664.83,625
Ashla,Rofe,"Reynolds, Cremin and Hackett",Niechanowo,13771.96,626
Sinclare,Surman-Wells,Baumbach Inc,Samagaltay,9004.79,627
Ruthy,Ricciardello,Brown-Stanton,Xujia,13345.13,628
Micaela,Whelan,Bins Inc,Fauske,26454.12,629
Zorina,Algore,Rau and Sons,La Dorada,7508.01,630
Linoel,Dennert,Windler-Rau,Changshengqiao,4901.12,631
Ashley,Tarbett,Kautzer Inc,Znojmo,13747.97,632
Gasper,Tackle,Pfeffer-Ratke,Bochum,29143.57,633
Eve,Merigeau,"Erdman, Collins and Hoeger",Barão de Cocais,10478.32,634
Barnie,Lorenzetto,Kiehn LLC,Wyszogród,17856.57,635
Renata,Geraudy,"Blanda, Rohan and Johns",Zhuangbu,32280.94,636
Ahmad,Balentyne,"Satterfield, Shanahan and Hamill",Jiaocun,5878.01,637
Beryl,Bernini,Bauch-Ledner,Welisara,13791.48,638
Chet,Ivanilov,"Lockman, Huel and Raynor",Suresnes,20490.78,639
Gene,Raisbeck,O'Kon Inc,Ghār al Milḩ,11033.76,640
Heida,Fuxman,"Weber, Okuneva and Cormier",Laizhou,6978.59,641
Cris,Crennan,Grimes-Anderson,Lijia,9295.89,642
Johny,Rimer,Haag Inc,Frösön,29101.12,643
Marlow,Drache,"Bartell, Runte and Zulauf",Nangalimang,13887.82,644
Kristine,Shaw,Nader-Konopelski,Tân Phú,22841.81,645
Ardyth,Martinat,"Hackett, Schiller and Nikolaus",Luohe,1582.55,646
Giacopo,Guiu,Jenkins-Cormier,Dagu,28142.42,647
Ellary,Manion,Daugherty-O'Conner,Quinta da Torre,9773.48,648
Lorens,Cordaroy,"Conroy, Bergstrom and Greenholt",San Diego,22499.44,649
Ted,Buckell,"Considine, Harvey and Altenwerth",Majan,13078.00,650
Britte,Jimmison,"Smith, Zieme and Rodriguez",Åtvidaberg,8429.32,651
Claresta,Lowfill,Olson-Morar,Moppo,19592.52,652
Catrina,Wilmore,Nolan-Emmerich,Cimişlia,32742.51,653
Joseito,Headon,Sporer-Stokes,Grebnevo,7211.20,654
Emmye,McGray,"Stanton, Schumm and Marvin",Flor da Mata,22027.96,655
Richie,Hammerberger,"Greenfelder, Monahan and Heaney",Venustiano Carranza,31960.83,656
Francesco,Galpen,Larson-O'Hara,Uva,11396.25,657
Jannel,Domerque,"Fahey, Kiehn and Williamson",Qingyun,19454.37,658
Mitch,Butlin,Gottlieb Group,Huangyang,13747.23,659
Pearl,Shimon,"King, Ondricka and West",Gerakaroú,1774.79,660
Correna,Pitherick,"Veum, Pfeffer and Considine",Parchal,22337.78,661
Onida,Whetton,O'Kon-Bosco,Phitsanulok,26083.10,662
Vale,Huntingford,Mante LLC,Sake,26177.33,663
Jameson,Osborn,Kunde Group,Psará,4631.89,664
Minor,MacGibbon,Gerlach Group,Américo Brasiliense,10271.34,665
Benoit,Lube,"Brekke, Padberg and Kozey",Zapatero,6340.94,666
Verne,Fairleigh,Hoppe-Spinka,Pola,23904.65,667
Jobina,Amaya,Stroman Group,Kujang,17473.26,668
Clemmie,Gridon,Schultz-Lebsack,Seiça,33516.58,669
Karlie,Bolland,Wilderman-Schmeler,Lincoln,34482.50,670
Jabez,Eilhart,Fay and Sons,Esigodini,30854.12,671
Kalil,Micklewright,Hodkiewicz-Cole,Prosvet,7450.15,672
Marie,Eglaise,Schaefer-Hickle,Matiao,32360.21,673
Missy,Meade,"Kutch, Nitzsche and Torp",Lingshan,26716.37,674
Jimmy,Stanway,Walsh Inc,Huohua,11175.48,675
Brion,Gaylord,"Hegmann, Dooley and Abbott",Siso,22129.92,676
Phyllys,Badby,Kuphal Group,Al Ḩāḑir,6394.18,677
Ferdinand,Sanper,Stanton and Sons,Vandœuvre-lès-Nancy,9640.10,678
Powell,Cripwell,Hackett and Sons,Pagsanahan Norte,9008.82,679
Salomone,Kerner,"Harris, Hagenes and Crist",Alegre,19279.95,680
Elly,Merington,"Labadie, Glover and Kuhn",Soljani,23673.75,681
Alameda,MacSkeagan,Hane LLC,Malichang,8705.60,682
Cristabel,Korneluk,"Corwin, Schaden and Rolfson",Victoria,17298.70,683
Cloris,McClelland,Stiedemann-Orn,Daguyun,10958.21,684
Hatty,Brunsen,Hoeger Inc,Tršić,10247.69,685
Venus,Sprigin,Russel-Zemlak,Yūki,1655.23,686
Aida,Buffy,Kunze and Sons,Paço,21411.16,687
Juanita,Abatelli,Grady-Ledner,Solntsevo,22660.90,688
Klarrisa,Triggle,"Powlowski, Mueller and Dickens",Baiima,6709.69,689
Naoma,Nursey,Nolan and Sons,Dąbrowa,14984.69,690
Iver,Dower,Heaney-Wuckert,Nový Bor,23609.92,691
Angelita,Goldthorp,Gutkowski Inc,Pakembangan,23826.05,692
Madalena,Cariss,Grady-Harber,Ropa,23649.07,693
Kaspar,Vickery,Koch-Goyette,Pāshmūl,3802.10,694
Carolan,Jackes,Ortiz Inc,Slobozia,20501.34,695
Klemens,Kabisch,"Beahan, Windler and Durgan",Konstantinovsk,9816.43,696
Shellysheldon,Nottram,Feeney-Collins,Guangsheng,20114.62,697
Davey,Celloni,Schaefer Group,Svislach,31360.36,698
Jana,Burchard,Casper and Sons,Fuhai,16157.93,699
Cynde,Stobart,"Heidenreich, Koelpin and Cole",Lukićevo,28226.29,700
Tiffi,Theuff,Brown-Wyman,Sawang Daen Din,33728.63,701
Foster,Branca,Heathcote Group,Kroczyce,7362.29,702
Artemus,Dankov,"Kihn, Smitham and Predovic",Nowshera Cantonment,2373.11,703
Ingelbert,Dmitrichenko,Cole Inc,Matingain,24244.58,704
Kile,Goneau,"Carroll, Heller and Langworth",Knyazhichi,8927.84,705
Kylynn,Janney,"Raynor, Donnelly and Zboncak",Fort Lauderdale,19514.78,706
Bridie,Kimbley,"Huel, Swaniawski and Leffler",Mehmand Chak,26934.03,707
Agata,Sommerland,Konopelski and Sons,Ubrub,19422.30,708
Honoria,Enders,Metz-Heaney,Ozimek,28920.89,709
Whitney,Duval,Gusikowski LLC,Qinjiang,3699.74,710
Harlen,Guise,Ledner Inc,Sanbao,6558.84,711
Claire,Harome,Kris LLC,Xia’ertai,31288.45,712
Kevin,Paling,Lynch-Zieme,Dinggou,23920.24,713
Henri,Grogor,Price-Dooley,Debre Werk’,26607.61,714
Micaela,Scotchforth,Muller-Kshlerin,Yurla,27355.30,715
Terrence,Petruska,Hudson-Kshlerin,Taranovskoye,28565.31,716
Ian,Culshaw,Walker Group,Jirny,14507.65,717
Bonnie,Kohrsen,Hammes-Harvey,Thongwa,28649.89,718
Cullin,Hanham,Schuppe LLC,Rondonópolis,12192.40,719
Clovis,Guiot,"Satterfield, Gleichner and Friesen",Luknovo,7715.82,720
Ebony,Speenden,Green-Mitchell,Dushan,8905.92,721
Raye,Boteman,Ferry Group,Matsuyama,12176.31,722
Blane,Arnowicz,Labadie LLC,Xinjie,18769.40,723
Dyan,Salasar,King-McLaughlin,Yuxin,6431.58,724
Alys,Bangs,Roberts and Sons,Krajan Baru,15724.40,725
Rutter,Alexsandrov,"Tromp, Brakus and Towne",Oni,10102.75,726
Reynolds,Menzies,"Douglas, Will and Stokes",Marseille,32407.72,727
Novelia,Brownbridge,DuBuque-Connelly,Maliuzui,29689.35,728
Julina,Yeo,Bayer LLC,Xikou,10989.68,729
Vidovic,Mossdale,"Greenfelder, Fay and McClure",Cabaiguán,32654.07,730
Arabella,Baudacci,Jacobs and Sons,Uhryniv,18645.23,731
Cyril,Joanaud,O'Reilly-Steuber,Gegernoong,14173.38,732
Felicle,Talmadge,Bechtelar-Rau,Arteche,29400.88,733
Quincey,Giacobazzi,"Abbott, Hettinger and Howe",Madrid,29178.73,734
Tine,Rogier,Tremblay-Breitenberg,Pryazovs’ke,20711.23,735
Aloin,Jamison,"Roob, Welch and Cremin",Illapel,24900.14,736
Myrilla,Jirasek,Lueilwitz Inc,Amadeo,1676.26,737
Georgie,Strivens,Beahan LLC,Krásná Lípa,2815.58,738
Waylen,Oldacres,Mertz LLC,Moca,8882.44,739
Sidonnie,Albinson,Brekke-Dibbert,Shuangjie,33832.47,740
Lilah,Baraclough,Kirlin-Oberbrunner,Minas de Matahambre,26315.50,741
Dara,Ivshin,"Willms, Ullrich and Lemke",Pāshmūl,24070.41,742
Godiva,Nolleth,Swaniawski-Rice,Longtang,31013.72,743
Nicolai,Poynzer,Rolfson Inc,Funga,18951.81,744
Chilton,Markson,"Von, Hirthe and Gutmann",Tyrawa Wołoska,27593.29,745
Bram,Reynolds,Tremblay LLC,Qingshui,17688.31,746
Thea,Papes,"Goyette, Marquardt and Schowalter",Sandu,12065.09,747
Floyd,Valasek,Kuhic-Wintheiser,Artybash,10084.64,748
Ronda,Snowsill,Stamm LLC,Emiliano Zapata,12383.11,749
Joellen,Byrcher,Kertzmann Group,Los Angeles,15541.29,750
Lebbie,Craven,Cole-Schulist,Vera,11543.47,751
Calvin,Henriet,Oberbrunner LLC,Sabang,4076.57,752
Nealy,Ousbie,Weissnat-Luettgen,Longyuanba,19056.97,753
Meriel,Reith,Schinner-Zboncak,Lahar,10152.15,754
Glynis,Tams,"Lowe, McGlynn and Hane",Smara,28763.88,755
Sheffield,Pritchitt,Rosenbaum LLC,Nagarakembang,17105.33,756
Frederick,Rollingson,"Gaylord, Hoppe and Lueilwitz",Voskhod,31777.61,757
Jamill,Bailles,Runte Inc,Annopol,29106.43,758
Everett,Rounce,"Windler, Heathcote and Feeney",Tafeng,3545.99,759
Norry,Cornock,Steuber Inc,Stavanger,8687.06,760
Daffie,Scourgie,"Mayert, Donnelly and Crona",Gaoua,8822.24,761
Andrei,Baskerfield,Runolfsdottir LLC,Rende,27259.14,762
Perice,Messager,"Crooks, Tremblay and Turner",Gastoúni,28870.70,763
Eugen,Dermott,Abshire LLC,Li’an,14228.33,764
Ariana,Gemeau,Streich Inc,Ōdate,24411.88,765
Lester,Dawtre,"Doyle, Kunze and Willms",Lagangilang,2530.46,766
Culley,Ivanovic,Lesch-Rolfson,Fangyan,32110.93,767
Markus,Poles,"Ward, Tromp and Toy",Buutuo,32361.48,768
Othelia,Wrefford,Erdman-Boehm,Svyetlahorsk,21223.87,769
Mortimer,Egdal,"Farrell, Veum and Kohler",Issy-les-Moulineaux,24834.16,770
Keriann,Kershow,Flatley-Konopelski,Turgenevo,27548.45,771
Keefer,Casino,"Bahringer, O'Reilly and Smitham",Atlanta,28721.19,772
Charlie,Wittrington,"Jenkins, Gerhold and Wuckert",Energeticheskiy,4111.55,773
Reynolds,Crowcombe,Predovic Group,Chwaszczyno,9251.85,774
Nanice,Lawlance,"Turcotte, O'Hara and Luettgen",San Pablo,14812.12,775
Viviana,Sone,"Muller, Sauer and Schmidt",Fulu,3642.61,776
Gillan,Hails,Jast and Sons,Velikovechnoye,22155.05,777
Cyndia,Iori,Hackett-Berge,Allen,5776.73,778
Mohandis,Whether,Littel Inc,Yishan,18239.39,779
Tommy,Harness,"McDermott, Batz and Rempel",Fujioka,34675.28,780
Antonio,Caselli,Conroy-O'Conner,Mudon,25435.48,781
Buddy,Jex,Greenfelder-Cremin,Taihua,11156.80,782
Teddi,Blesli,Hilll-King,Yukuhashi,30582.35,783
Stanleigh,Patis,Franecki-Metz,Romanovo,2113.80,784
Lori,Sallter,"Dickens, Reichel and Fahey",Strasbourg,10331.06,785
Niko,Milstead,Skiles Group,Shāhīn Dezh,9538.90,786
Maje,Housam,"Koepp, Berge and Funk",Nechanice,27680.77,787
Edy,Bertomier,"Stokes, Johns and Koepp",Ash Shiḩr,12724.13,788
Caty,Jura,"Rogahn, Schumm and Haag",Motrico,34234.69,789
Terry,Domb,Torp LLC,Limache,8648.01,790
Tye,Mytton,O'Hara-Adams,Mala Danylivka,25166.15,791
Bevvy,Canto,Schmidt Group,Cahuacho,15984.30,792
Judie,Cunnell,Schmitt and Sons,Nizhniy Lomov,23261.08,793
Else,Kalinovich,Kozey-Hilll,Babakankiray,30584.81,794
Stevana,Crumby,"Cassin, Block and Feest",Campos do Jordão,25151.90,795
Juliette,Shalders,Wintheiser-Johns,Manika,20233.63,796
Alla,McNab,Sipes-Lubowitz,Bourges,24474.10,797
Linda,Laurens,Hackett-Beatty,Yanglinshi,15165.92,798
Erinna,Berceros,Beatty-Tillman,Baima,34972.77,799
Smitty,Arrol,Olson-Simonis,Banquero,19996.05,800
Merl,Boatwright,Cummerata-Schimmel,Loay,16593.28,801
Pavia,Fautley,"Mann, Morar and McKenzie",Henghe,34090.40,802
Lorens,de Amaya,O'Keefe-Boyer,Stockholm,29669.13,803
Essie,Wiggam,Davis Group,Tagawa,19139.72,804
Deonne,Alltimes,Conroy LLC,Zhanbei,31902.39,805
Laetitia,Grayson,"Denesik, Lockman and Hoppe",Remiremont,29380.35,806
Eva,Lampens,Stehr and Sons,Qitai,2389.38,807
Siffre,Berthelmot,Corkery-Bradtke,Surovikino,34488.09,808
Jocelin,Calloway,Marks Inc,Carusucan,9380.29,809
Kelley,Pendergast,"Ryan, Kuphal and Kovacek",Doug An,10618.81,810
Aida,Zienkiewicz,Stoltenberg-Kessler,Citampian,7086.61,811
Leslie,Oughtright,Bartoletti LLC,Al Quşayr,30149.00,812
Fredek,Vittori,"Hirthe, Jenkins and Friesen",Kallithéa,17915.29,813
Casi,Pinks,Miller-Mosciski,Matiompong,15678.60,814
My,Raftery,Pouros and Sons,Notodden,3264.59,815
Gusty,Welbrock,Senger-Stark,Kataba,29961.46,816
Janessa,Darling,Nolan-Macejkovic,Bungur,21454.80,817
Horton,Milesap,"Christiansen, Kreiger and Yundt",Majunying,31575.49,818
Clevey,Beamish,"Champlin, Gutkowski and Heaney",La Rochelle,4223.80,819
Cchaddie,Skerritt,"Conroy, Hamill and Runte",Viña del Mar,19042.41,820
Cahra,Olivier,"Pfannerstill, Mosciski and Schroeder",Temayang,19008.84,821
Wald,Ruos,"Fisher, Gutmann and Hand",Balogo,10412.30,822
Eustace,Knightly,Lehner and Sons,Linköping,16470.41,823
Starlene,Caukill,Sauer and Sons,Barra do Piraí,12475.67,824
Erik,Fisbey,Effertz and Sons,Campinas,4983.82,825
Andrus,O'Hagirtie,Monahan-Hane,Severnoye,31168.65,826
Peggy,Vickar,"Welch, Satterfield and Balistreri",Błonie,28511.49,827
Chrotoem,Birtwhistle,Bartoletti-Nolan,Katyr-Yurt,24114.16,828
Hadleigh,Doig,Little Group,Ape,5616.71,829
Trixie,MacCoveney,Ward Inc,Guazacapán,23735.24,830
Leda,Shoreson,Senger-Durgan,Mulhouse,17289.01,831
Thorstein,Punchard,Spinka and Sons,Rurrenabaque,28850.63,832
Sophia,Kesterton,Bahringer LLC,Ambato Boeny,9892.54,833
Shauna,Shalders,Hansen-Jacobson,Al Ḩayfah,23916.73,834
Ryley,Munt,"Braun, Kshlerin and Larson",Zhoujiadian,15568.73,835
Cortney,Georgot,Lemke Group,Kuanheum,24551.72,836
Cyrus,Gorusso,Donnelly-Beahan,Cicurug,3935.87,837
Waverley,Cackett,Adams LLC,Batiano,15009.76,838
Maurita,Oguz,"Anderson, Volkman and Howe",Tsurusaki,24920.75,839
Reade,Gonzales,"Marks, Thiel and Rempel",Bondokodi,10137.78,840
Viviene,Dangerfield,Hintz Group,Osieck,26480.43,841
Arthur,Janicijevic,Durgan Inc,Cojata,5114.80,842
Briant,Tew,Schneider LLC,Lyon,29915.60,843
Linus,Chaldecott,DuBuque-Carter,Zhuhong,4258.31,844
Drusie,Balentyne,Goyette-Labadie,Albuquerque,12194.79,845
Olenolin,Callendar,Christiansen-Murray,Tingping,14793.59,846
Davidson,Luetkemeyers,Ondricka-Hammes,Bralin,25327.32,847
Ninetta,Schimoni,"Rath, Schultz and Morar",Dingyan,28268.49,848
Tate,Filyakov,Greenholt Group,Sambopinggir,27408.39,849
Christalle,Kernocke,"Zemlak, Baumbach and Blick",Fonte Boa,29200.03,850
Bayard,Matfield,"Larkin, Dicki and Doyle",Dolna Banjica,10273.69,851
Yance,Jeanet,"Dibbert, Ward and Bogisich",Lebedyn,20517.12,852
Alexine,Rominov,Smith-Dickinson,Stěžery,12482.33,853
Gaynor,Spiers,Stracke-Weber,Lyantonde,17079.80,854
Avram,Station,Volkman-Cartwright,Sacramento,28951.72,855
Barn,Giacovelli,Hansen and Sons,Sishui,15606.12,856
De witt,Yeatman,"Kutch, Gottlieb and Kerluke",Aleysk,32919.89,857
Elysee,Timbrell,Ebert-Murazik,Jincun,29805.92,858
Kittie,Craik,"Hilll, Zulauf and Skiles",Ndendé,5062.49,859
Jarrod,Rankling,"Swaniawski, Stamm and Leannon",Jardin,12429.70,860
Carlos,Redler,Schulist LLC,Gengcheng,20792.40,861
Gretna,Dafydd,Littel-Osinski,Ōta,18651.37,862
Anitra,Elder,"Grady, Hoppe and Monahan",Yujia’ao,3560.92,863
Jeddy,Rowntree,Glover and Sons,Klippan,13522.78,864
Arnuad,Squier,Bergstrom-Koch,Tsuruga,5122.42,865
Shannon,Gabey,"Kuhlman, McGlynn and Langosh",Uherce Mineralne,32726.26,866
Vergil,Keijser,"Langworth, Altenwerth and Mills",Soufrière,31052.36,867
Batsheva,Lightollers,"Towne, Cronin and Mueller",Rudna,16910.23,868
Freda,Mitchelmore,Jaskolski-Schimmel,Kebonkaret,7229.33,869
Hesther,Aymerich,Schmidt-Moore,Wawa,15340.77,870
Datha,Ottiwill,Cronin-Weimann,Beizi,23582.63,871
Marwin,Matteuzzi,Von Inc,San Pedro Sacatepéquez,25711.89,872
Hartley,Figgures,Bashirian LLC,Vetlanda,3778.52,873
Cornall,Dredge,"Treutel, Abshire and Rohan",Cicuco,27142.19,874
Rosene,Verrell,"Cole, Ward and Mueller",Vila Franca das Naves,8252.00,875
Alina,Goodliff,"Smith, Fahey and Watsica",Shangcai Zhongxing,8807.85,876
Lyssa,Pyper,Bartoletti LLC,Magallanes,5871.73,877
Nicol,Armin,Durgan-Walter,Cane,15800.23,878
Kristel,le Keux,Abernathy Inc,Castlebellingham,7877.27,879
Ferris,Izon,Koss and Sons,Cijapar,32818.47,880
Colan,Lasty,"Bode, Heaney and Hyatt",Torbeck,5133.04,881
Chandal,Bedo,"White, Schoen and Cremin",Mempawah,6987.11,882
Shelton,Jesteco,Fritsch-Crist,San Antonio,24575.90,883
Goldarina,Strapp,"Russel, Goyette and Waters",Qincheng,10388.76,884
Gloriana,Raggatt,"Luettgen, Kassulke and Moore",Vale de São Cosme,8995.70,885
Luciana,Lias,"Schumm, Torp and Schoen",Tanjung Raja,7495.79,886
Delores,Dolley,"Rosenbaum, Crooks and Swift",Putina,13141.51,887
Zak,Surmeyer,"Howell, Kutch and Fisher",Hartford,22275.44,888
Elladine,Mandel,Barton-Collier,Valparaíso,5923.34,889
Glynis,Spellesy,"Gusikowski, Swift and Keebler",Drammen,7053.40,890
Cecily,Daines,"Fritsch, Towne and Prohaska",Ni’ao,10317.93,891
Starr,Woodier,"Ebert, Emard and Kozey",Lesnikovo,8578.29,892
Madella,Plowell,Beahan Inc,Ban Dung,4356.63,893
Rhoda,Cartwright,McDermott LLC,Quankou,32029.98,894
Eal,Imort,Hermann Inc,Sceaux,15576.93,895
Becky,Mulqueeny,Hoppe LLC,Zheleznodorozhnyy,22897.73,896
Lynn,Elsip,Kessler Inc,Álvares Machado,14142.42,897
Francyne,Wellesley,Quitzon-King,Zhemtala,9112.44,898
Tamra,Tixier,Grady and Sons,Golubinci,27673.52,899
Vi,Tabrett,"Williamson, Hintz and Barton",Al Jumaylīyah,17855.53,900
Olag,Bangle,Haley-Corkery,Dugcal,2989.06,901
Arther,Cuesta,Glover-Haley,Yonglong,5491.94,902
Chevalier,Laise,Carroll LLC,Uticyacu,28785.78,903
Belvia,Moynham,Bogisich-Wilkinson,Kotlas,4280.11,904
Shir,Riggulsford,Stokes-Cassin,Chahe,5824.78,905
Skye,Longbone,Skiles-Beatty,Salinas,14074.36,906
Margarethe,Bus,"Douglas, Quigley and Gleason",Paritaman,3923.83,907
Saundra,Lippo,Leuschke Inc,Donostia-San Sebastian,18288.80,908
Ariadne,Bingley,"Corwin, Heidenreich and Larkin",Kladi,14443.82,909
Demeter,Shand,"Boyer, Huels and Huels",Macas,26710.85,910
Graham,Gierke,Quitzon Group,Srebrenik,4849.80,911
Alec,Damp,"D'Amore, Schuppe and Zboncak",Dzhetygara,26591.42,912
Edeline,Muckleston,"Walsh, Donnelly and Feest",Sukogunungkrajan,10612.78,913
Ariana,Sherwyn,"Hilll, Wiegand and McLaughlin",Santa Rosa,19639.75,914
Daune,Titcomb,Wilderman LLC,Biguo,31760.51,915
Jeremias,Ninnotti,"Bauch, Herzog and Schaden",Guayabo Dulce,33947.85,916
Dyane,Roycroft,Botsford-O'Kon,Montería,18075.26,917
Katti,Lusher,Shanahan-Morar,Växjö,19036.29,918
Gussi,Oleksiak,Sipes LLC,Roshal’,3998.63,919
Aland,Guilder,Rempel-Block,Araras,25049.16,920
Quinlan,Tindle,Pfannerstill-Wyman,Rakvere,19902.50,921
Elspeth,Ness,Hudson LLC,Kantyshevo,11271.34,922
Debbie,Abramson,Kuhn LLC,Sotouboua,28412.67,923
Anallese,Baszniak,Jacobs LLC,Fulu,3079.41,924
Lynne,While,Heaney-Wintheiser,Caluire-et-Cuire,9861.75,925
Callie,Ollander,"Douglas, Carter and Leffler",Akure,7575.44,926
Shani,Minghella,"Hagenes, Hettinger and Rutherford",Babao,3785.22,927
Gabbie,Nestle,Gerhold and Sons,Guomaying,3303.76,928
Curtice,Glennie,O'Hara-Herman,Zhendong,9802.58,929
Franz,Laimable,Weissnat-Jerde,"Palmas De Gran Canaria, Las",3554.49,930
Sigrid,Eslemont,Jacobs and Sons,Usagara,5500.22,931
Anallise,Laughlin,"McClure, Flatley and Stark",Jirkov,29651.81,932
Bertrando,Obin,Willms LLC,Ulaan Khat,23245.18,933
Dennie,Stammers,"Wiza, Borer and Greenfelder",Berlín,33926.20,934
Ingaborg,Blomfield,"O'Kon, Yost and Hilpert",Wulan Haye,33837.76,935
Phillis,Ferron,"Flatley, Hagenes and Runolfsson",Otyniya,3666.60,936
Gale,Crump,Zemlak Group,Cigadog,33422.82,937
Joline,Pickworth,Mann Group,Saipan,9943.37,938
Dedra,Peek,"Pagac, Ruecker and Nienow",Ḩakamā,13224.99,939
Jonell,Pauel,Nienow-Hegmann,Carvalheira,10446.86,940
Ardyth,Loughrey,"Effertz, Zieme and Hoppe",Dachong,1870.83,941
Reine,Shilliday,Ondricka LLC,Pedregal,32453.59,942
Dillon,Abberley,Bogisich-Grady,T’azagyugh,11722.83,943
Marisa,Curlis,Rosenbaum LLC,Višňové,19395.97,944
Hamid,Turn,Reilly-Rippin,Dongchong,21758.75,945
Kerwin,Mozzetti,Jones LLC,Minas de Marcona,19130.71,946
Talia,Grattage,"Donnelly, Hartmann and Hills",Montecarlo,14987.99,947
Saxon,Dearth,Gutkowski and Sons,Nîmes,14909.52,948
Agata,Seaton,"Pagac, Sipes and VonRueden",Kranj,6122.73,949
Rina,Fawlkes,Murphy-Durgan,Ngondokandawu,21066.07,950
Geri,Older,"Wolf, Heller and Trantow",Vila Maior,8798.11,951
Ross,Callf,Ward Inc,Babakanbungur,8192.04,952
Jaclyn,Room,Hermann Group,Port-Vila,24624.02,953
Simonette,Philipeau,"Zieme, Grant and Bruen",Jiaqu,11728.29,954
Constantin,Aers,"Kutch, Daugherty and Hettinger",Longwan,32911.42,955
Sabine,Elijah,"Wolf, Beahan and Morar",Uritsk,28310.91,956
Clair,Ponnsett,Leuschke Inc,Concordia,28930.20,957
Joby,Astman,"Lakin, Douglas and Mohr",Kitchener,10979.18,958
Kitty,Burbage,Ward and Sons,Hudong,32800.61,959
Kandace,O'Hannay,Spinka Group,Zamoskvorech’ye,19369.41,960
Chloe,Yarnley,Nikolaus-Ledner,Kirkkonummi,33880.30,961
Kristine,Horsley,"Dach, Schuster and Sipes",San Antonio,23839.62,962
Kat,Earengey,Schmitt-Spinka,Fortaleza,22817.32,963
Edi,Janicek,Hilll Group,Chuoyuan,5252.55,964
Christina,Lorryman,Mann Inc,Barbacena,9270.65,965
Anna-diane,Leggatt,Bernhard Group,Ciudad Choluteca,8943.40,966
Raimundo,Strephan,"Fisher, Renner and Larkin",Kirovs’k,8433.28,967
Martie,Bracco,Murphy Inc,Pajaten,25603.92,968
Madelene,Benezeit,Labadie-Parker,Cardal,30420.56,969
Viviene,Dailly,"Murphy, Schaden and Lesch",Tugu,13572.38,970
Elsy,Danaher,Kohler-Schamberger,Guanjiabao,28963.66,971
Gretal,Slucock,"Considine, Ryan and Konopelski",Taiping,30021.11,972
Babita,Wornum,Parisian Inc,Пласница,24276.61,973
Madel,Coger,Auer-Borer,Ban Lŭng,25726.57,974
Chrysler,Claeskens,Jenkins-Morar,Pingdingbu,7924.82,975
Clareta,Want,"Braun, Reichert and Larkin",Debrecen,15214.25,976
Skell,Loades,"O'Keefe, Gibson and Feest",Embu,17363.46,977
Jayme,Fishburn,"Rutherford, Marks and Schneider",Gaspar Hernández,26367.83,978
Rolando,Burberye,Rath and Sons,Mosrentgen,6987.03,979
Colette,Hartropp,Gutmann LLC,Al Hijrah,4794.42,980
Sabine,Leatham,Hilll-O'Kon,Huangqiao,4930.28,981
Eugene,Pedlingham,"Jast, Reichert and Quitzon",Rájec-Jestřebí,5644.69,982
Emelda,Radin,Lynch and Sons,Lantapan,23479.54,983
Eddi,Ewells,Russel and Sons,Guaduas,14025.02,984
Correna,Shout,Kozey-Keeling,Ningchegu,7185.04,985
Ali,Halwood,Ratke-Marquardt,Nankai,20578.46,986
Pearl,Cereceres,"Bednar, Ritchie and Stracke",At-Bashi,6126.93,987
Bessie,Dyshart,Hintz and Sons,Jawor,5752.77,988
Geoff,Blanch,Shanahan Group,Kharp,1955.98,989
Manfred,Bastin,Yundt-Shanahan,Hallsberg,10191.82,990
Penrod,Lehrer,"Wilkinson, Macejkovic and Rath",Hotonj,29572.38,991
Genvieve,Rowbrey,"Rempel, Rohan and Jones",Nusajaya,24881.13,992
Esra,Bartozzi,Greenfelder-Schulist,Oklahoma City,17063.74,993
Korie,Gownge,"Deckow, Cummerata and Labadie",Casal Velho,27243.89,994
Shawnee,Hinckes,Glover Inc,Chongkan,14003.44,995
Saloma,Hayhoe,"Rodriguez, Willms and Bailey",Skurup,8853.41,996
Thedric,Riddler,"Stamm, Lehner and Franecki",Kaliningrad,4785.73,997
Putnem,Peregrine,White Inc,Ugba,9479.47,998
Gillie,Tosdevin,Schinner Group,Wadung,14974.00,999
Nels,Napier,Barton-Yost,Cunén,2692.28,1000
